Method,Year,Date ,Enter by,Electronic Enter by ,Time to Start,Observe Intervals ,Block,H-ID,HP,Source,Source ID,Sex,0,1,2,3,4,5,6,7,8,9,10,11,12,13,14,15,16,17,18,19,20,Note
cup,2016,4.7.16,LZ/GAD,SL,13:30,2 min,1,2,Qv-F,KRE,51,F,NA,Qv,Qv,Qv,Qv,Qv,Qv,Qv,Qv,Qv,Qv,Qv,Qv,Qv,Qv,Qv,Qv,Qv,C,C,C,
cup,2016,4.7.16,LZ/GAD,SL,13:30,2 min,1,3,Qv-T,Rice,P4G33,F,NA,C,C,C,Qg,C,C,C,Qv,C,C,C,C,C,C,C,C,C,C,C,C,
cup,2016,4.7.16,LZ/GAD,SL,13:30,2 min,1,4,Qv-F,KRE,,M,NA,C,C,C,C,C,C,C,Qv,Qv,Qv,C,Qv,Qv,Qv,Qv,Qg,C,Qv,Qv,Qv,
cup,2016,4.7.16,LZ/GAD,SL,13:30,2 min,1,5,Qv-T,Rice,P4G19,F,NA,Qg,Qg,Qg,Qg,Qv,Qv,Qv,Qv,Qv,Qv,Qv,Qv,Qv,Qv,Qg,Qg,Qv,Qv,C,C,
cup,2016,4.7.16,LZ/GAD,SL,13:30,2 min,1,6,Qv-F,KRE,39,M,NA,C,C,Qv,Qv,C,C,C,C,C,C,C,C,C,C,C,C,C,C,C,C,
cup,2016,4.7.16,LZ/GAD,SL,13:30,2 min,1,7,Qv-F,KRE,58,F,NA,Qv,Qv,Qv,Qv,Qv,Qv,Qv,Qv,Qv,Qv,Qv,C,C,C,C,C,C,C,C,C,
cup,2016,4.7.16,LZ/GAD,SL,13:30,2 min,1,8,Qv-T,Rice,P4G33,F,NA,Qv,Qv,Qv,Qv,Qv,Qv,Qv,Qv,Qv,C,C,C,C,Qv,Qv,Qv,C,C,C,C,
cup,2016,4.7.16,LZ/GAD,SL,13:30,2 min,1,9,Qv-T,Rice,P4G28,M,NA,C,C,C,C,C,C,C,C,C,C,C,C,C,C,C,C,C,C,C,C,
cup,2016,4.7.16,LZ/GAD,SL,13:30,2 min,1,10,Qv-F,KRE,39,M,NA,C,C,C,C,C,C,C,C,C,C,C,C,C,C,C,C,C,C,C,C,
cup,2016,4.7.16,LZ/GAD,SL,13:30,2 min,1,11,Qv-F,KRE,39,F,NA,Qv,Qg,Qg,C,Qv,Qg,Qv,Qg,Qg,Qg,Qg,Qg,C,C,C,C,C,C,C,C,
cup,2016,4.7.16,LZ/GAD,SL,13:30,2 min,1,12,Qv-T,Rice,P4G33,F,NA,Qv,C,C,C,C,Qv,Qv,C,C,Qg,C,C,C,C,C,Qg,C,C,Qv,Qv,
cup,2016,4.7.16,LZ/GAD,SL,13:30,2 min,1,13,Qv-T,Rice,P4G28,M,NA,C,C,C,C,C,C,C,C,C,C,C,C,C,C,C,C,C,C,C,C,
cup,2016,4.7.16,LZ/GAD,SL,13:30,2 min,1,14,Qv-F,KRE,39,F,NA,C,C,C,C,C,C,C,C,C,C,C,C,C,C,C,C,C,C,C,C,
cup,2016,4.7.16,LZ/GAD,SL,13:30,2 min,1,15,Qv-T,Rice,P4G38,M,NA,C,C,C,C,C,Qg,Qg,Qg,Qg,Qg,Qg,C,C,Qv,Qv,Qv,Qg,C,Qg,C,
cup,2016,4.7.16,LZ/GAD,SL,13:30,2 min,1,16,Qv-T,Rice,P4G38,M,NA,C,C,C,C,C,C,C,C,C,C,C,C,C,C,C,C,C,C,C,C,
cup,2016,4.7.16,LZ/GAD,SL,13:30,2 min,1,17,Qv-T,Rice,P4G19,F,NA,Qg,Qg,Qg,Qg,Qg,Qg,Qg,Qg,Qg,Qg,Qg,Qg,Qg,Qg,Qg,Qg,Qg,Qg,Qg,Qg,
cup,2016,4.7.16,LZ/GAD,SL,13:30,2 min,1,18,Qv-F,KRE,39,M,NA,Qv,Qv,C,C,C,C,C,C,C,C,C,C,C,C,C,C,C,C,C,C,
cup,2016,4.7.16,LZ/GAD,SL,13:30,2 min,1,19,Qv-T,Rice,P4G38,M,NA,C,Qv,Qv,Qv,C,Qv,C,Qv,Qv,Qv,Qv,C,C,C,C,C,Qv,Qv,Qv,Qv,
cup,2016,4.7.16,LZ/GAD,SL,13:30,2 min,1,20,Qv-F,KRE,58,F,NA,C,C,C,C,C,C,C,C,C,C,C,C,C,C,C,C,C,C,C,C,
cup,2016,4.7.16,LZ,SL,16:35,2 min,2,21,Qv-F,KRE,57,M,NA,C,C,C,C,C,C,NA,C,C,C,C,C,C,C,C,C,C,C,C,C,
cup,2016,4.7.16,LZ,SL,16:35,2 min,2,22,Qv-F,KRE,57,M,NA,C,C,C,C,C,C,NA,C,C,C,C,C,C,C,C,C,C,C,C,C,
cup,2016,4.7.16,LZ,SL,16:35,2 min,2,23,Qv-T,Rice,TIP4G32,M,NA,C,Qg,C,C,C,C,NA,Qv,C,C,C,C,C,C,C,C,C,C,C,C,
cup,2016,4.7.16,LZ,SL,16:35,2 min,2,24,Qv-T,Rice,TIP4G32,M,NA,C,C,Qg,C,C,C,NA,C,C,C,C,C,C,C,C,C,C,C,C,C,
cup,2016,4.7.16,LZ,SL,16:35,2 min,2,25,Qv-F,KRE,33,M,NA,C,C,C,C,C,C,NA,Qv,C,C,C,C,C,C,C,C,C,C,C,C,
cup,2016,4.7.16,LZ,SL,16:35,2 min,2,26,Qv-T,Rice,TIP4G32,M,NA,C,C,C,C,C,C,NA,C,C,C,C,C,C,C,C,C,C,C,C,C,
cup,2016,4.7.16,LZ,SL,16:35,2 min,2,27,Qv-F,KRE,57,M,NA,C,C,C,C,C,C,NA,C,C,C,C,C,C,C,C,C,C,C,C,C,
cup,2016,4.7.16,LZ,SL,16:35,2 min,2,28,Qv-T,Rice,TIP4G32,M,NA,C,C,C,C,C,C,NA,C,C,C,C,C,C,C,C,C,C,C,C,C,
cup,2016,4.7.16,LZ,SL,16:35,2 min,2,29,Qv-F,KRE,33,M,NA,Qv,Qv,C,C,Qv,C,NA,C,C,C,C,C,C,C,C,C,Qg,Qg,Qg,Qg,
cup,2016,4.7.16,LZ,SL,16:35,2 min,2,30,Qv-T,Rice,TIP4G32,M,NA,C,C,C,C,C,C,NA,Qv,Qv,Qv,Qv,Qv,Qv,Qv,Qv,Qv,Qv,Qv,Qv,Qv,
cup,2016,4.7.16,LZ,SL,16:35,2 min,2,31,Qv-F,KRE,43,M,NA,C,C,C,C,C,C,NA,C,C,C,C,C,C,C,C,C,C,C,C,C,
cup,2016,4.7.16,LZ,SL,16:35,2 min,2,32,Qv-T,Rice,TIP4G32,M,NA,C,C,C,C,C,C,NA,C,C,C,C,C,C,C,C,C,Qg,C,C,C,
cup,2016,4.7.16,LZ,SL,16:35,2 min,2,33,Qv-T,Rice,TIP4G32,M,NA,C,C,C,C,C,C,NA,C,C,C,C,C,C,C,C,C,C,C,C,C,
cup,2016,4.7.16,LZ,SL,16:35,2 min,2,34,Qv-F,KRE,57,M,NA,C,C,Qv,C,C,C,NA,C,C,C,C,C,C,C,C,C,C,C,C,C,
cup,2016,4.7.16,LZ,SL,16:35,2 min,2,35,Qv-T,Rice,TIP4G32,M,NA,C,C,C,C,C,C,NA,C,C,C,C,C,C,C,C,C,C,C,C,C,
cup,2016,4.7.16,LZ,SL,16:35,2 min,2,36,Qv-F,KRE,43,M,NA,C,C,C,C,C,C,NA,C,C,C,C,C,C,C,C,C,C,C,C,C,
cup,2016,4.7.16,LZ,SL,16:35,2 min,2,37,Qv-T,Rice,,M,NA,C,C,C,C,C,C,NA,C,C,C,C,C,Qg,C,C,C,C,C,C,C,
cup,2016,4.7.16,LZ,SL,16:35,2 min,2,38,Qv-F,KRE,43,M,NA,C,C,C,C,C,C,NA,C,C,C,C,C,C,C,C,C,C,C,C,C,
cup,2016,4.7.16,LZ,SL,16:35,2 min,2,39,Qv-F,KRE,33,M,NA,C,C,C,C,C,C,NA,C,C,C,C,C,C,C,C,C,C,C,C,C,
cup,2016,4.7.16,LZ,SL,16:35,2 min,2,40,Qv-T,Rice,,M,NA,C,C,C,C,C,NA,NA,NA,NA,NA,NA,NA,NA,NA,NA,NA,NA,NA,NA,NA,
cup,2016,4.8.16,LZ/GAD,SL,13:30,2 min,3,41,Qv-F,KRE,52,F,NA,C,C,C,C,C,C,C,C,C,C,C,C,C,C,C,NA,NA,NA,NA,NA,
cup,2016,4.8.16,LZ/GAD,SL,13:30,2 min,3,42,Qv-T,Rice,P4G39,M,NA,C,C,C,C,C,C,C,C,C,C,C,C,C,C,C,NA,NA,NA,NA,NA,
cup,2016,4.8.16,LZ/GAD,SL,13:30,2 min,3,43,Qv-T,Rice,,F,NA,C,C,C,C,C,C,C,C,C,C,C,C,C,C,C,NA,NA,NA,NA,NA,
cup,2016,4.8.16,LZ/GAD,SL,13:30,2 min,3,44,Qv-F,KRE,52,F,NA,C,C,C,C,C,C,C,C,C,C,C,C,C,C,C,NA,NA,NA,NA,NA,
cup,2016,4.8.16,LZ/GAD,SL,13:30,2 min,3,45,Qv-F,KRE,57,M,NA,C,C,C,C,C,C,C,C,Qv,Qv,Qv,C,C,C,C,NA,NA,NA,NA,NA,
cup,2016,4.8.16,LZ/GAD,SL,13:30,2 min,3,46,Qv-T,Rice,P4G12,M,NA,C,C,C,C,C,C,C,C,C,C,C,C,C,C,C,NA,NA,NA,NA,NA,
cup,2016,4.8.16,LZ/GAD,SL,13:30,2 min,3,47,Qv-T,Rice,,F,NA,Qv,Qv,C,C,C,C,C,C,Qv,Qg,Qv,Qg,C,C,C,NA,NA,NA,NA,NA,
cup,2016,4.8.16,LZ/GAD,SL,13:30,2 min,3,48,Qv-T,Rice,P4G12,M,NA,C,C,C,C,C,C,C,C,C,C,C,C,C,C,C,NA,NA,NA,NA,NA,
cup,2016,4.8.16,LZ/GAD,SL,13:30,2 min,3,49,Qv-F,KRE,52,F,NA,Qg,Qg,Qg,Qg,Qg,C,C,C,C,C,C,C,C,C,C,NA,NA,NA,NA,NA,
cup,2016,4.8.16,LZ/GAD,SL,13:30,2 min,3,50,Qv-T,Rice,,F,NA,C,C,C,C,C,C,C,C,C,C,C,C,C,C,C,NA,NA,NA,NA,NA,
cup,2016,4.8.16,LZ/GAD,SL,13:30,2 min,3,51,Qv-F,KRE,58,F,NA,Qv,Qv,Qv,Qv,C,C,Qv,C,C,C,C,C,C,C,C,NA,NA,NA,NA,NA,
cup,2016,4.8.16,LZ/GAD,SL,13:30,2 min,3,52,Qv-F,KRE,57,M,NA,C,C,C,C,C,C,C,C,C,C,C,C,C,C,C,NA,NA,NA,NA,NA,
cup,2016,4.8.16,LZ/GAD,SL,13:30,2 min,3,53,Qv-T,Rice,P4G10,M,NA,C,Qv,Qv,Qv,Qv,C,C,C,C,C,C,C,C,C,C,NA,NA,NA,NA,NA,
cup,2016,4.8.16,LZ/GAD,SL,13:30,2 min,3,54,Qv-T,Rice,,F,NA,C,C,Qv,Qv,C,C,C,Qg,C,C,C,C,C,C,C,NA,NA,NA,NA,NA,
cup,2016,4.8.16,LZ/GAD,SL,13:30,2 min,3,55,Qv-F,KRE,58,F,NA,C,C,C,Qv,C,C,C,C,C,C,Qv,C,C,C,C,NA,NA,NA,NA,NA,
cup,2016,4.8.16,LZ/GAD,SL,13:30,2 min,3,56,Qv-F,KRE,57,M,NA,C,C,C,C,C,C,C,C,C,C,C,C,C,C,C,NA,NA,NA,NA,NA,
cup,2016,4.8.16,LZ/GAD,SL,13:30,2 min,3,57,Qv-T,Rice,,F,NA,C,C,C,C,C,C,C,C,C,C,C,C,C,C,C,NA,NA,NA,NA,NA,
cup,2016,4.8.16,LZ/GAD,SL,13:30,2 min,3,58,Qv-F,KRE,57,M,NA,C,C,C,C,C,C,C,C,C,C,C,C,C,C,C,NA,NA,NA,NA,NA,
cup,2016,4.8.16,LZ/GAD,SL,13:30,2 min,3,59,Qv-T,Rice,P4G10,M,NA,Qg,C,Qv,C,C,C,C,C,C,C,C,C,C,C,C,NA,NA,NA,NA,NA,
cup,2016,4.8.16,LZ/GAD,SL,13:30,2 min,3,60,Qv-F,KRE,57,M,NA,C,C,C,C,C,C,C,C,C,C,C,C,C,C,C,NA,NA,NA,NA,NA,
cup,2016,4.9.16,LZ/GAD,SL,18:40,2 min,4,61,Qv-F,KRE,58,F,NA,Qv,Qv,C,Qv,Qv,C,C,C,Qv,Qv,Qg,Qv,C,Qv,C,NA,NA,NA,NA,NA,
cup,2016,4.9.16,LZ/GAD,SL,18:40,2 min,4,62,Qv-F,KRE,52,F,NA,C,C,C,Qv,C,C,C,C,C,C,C,C,C,C,C,NA,NA,NA,NA,NA,
cup,2016,4.9.16,LZ/GAD,SL,18:40,2 min,4,63,Qv-F,KRE,63,M,NA,C,C,C,C,C,C,C,C,C,C,C,C,C,C,C,NA,NA,NA,NA,NA,
cup,2016,4.9.16,LZ/GAD,SL,18:40,2 min,4,64,Qv-T,Rice,,F,NA,C,Qv,Qv,Qv,Qv,Qv,Qv,Qv,Qv,Qv,Qv,Qv,Qv,Qv,Qv,NA,NA,NA,NA,NA,
cup,2016,4.9.16,LZ/GAD,SL,18:40,2 min,4,65,Qv-F,KRE,52,F,NA,C,C,C,C,C,C,C,C,C,C,C,C,C,C,C,NA,NA,NA,NA,NA,
cup,2016,4.9.16,LZ/GAD,SL,18:40,2 min,4,66,Qv-T,Rice,,F,NA,Qv,Qv,Qg,Qg,Qg,Qg,Qg,Qg,Qg,Qg,Qg,Qg,Qg,Qg,Qg,NA,NA,NA,NA,NA,
cup,2016,4.9.16,LZ/GAD,SL,18:40,2 min,4,67,Qv-F,KRE,58,M,NA,C,C,Qg,C,C,Qv,Qv,Qv,Qv,Qv,Qv,Qv,Qv,Qv,Qv,NA,NA,NA,NA,NA,
cup,2016,4.9.16,LZ/GAD,SL,18:40,2 min,4,68,Qv-T,Rice,,F,NA,C,Qg,Qg,C,C,C,C,C,C,C,Qg,c,C,C,Qg,NA,NA,NA,NA,NA,
cup,2016,4.9.16,LZ/GAD,SL,18:40,2 min,4,69,Qv-F,KRE,52,F,NA,C,C,C,C,C,C,C,C,C,C,C,C,C,C,C,NA,NA,NA,NA,NA,
cup,2016,4.9.16,LZ/GAD,SL,18:40,2 min,4,70,Qv-T,Rice,,F,NA,Qg,Qg,Qv,Qv,Qv,Qv,Qv,Qv,Qv,Qv,Qv,Qv,Qv,C,C,NA,NA,NA,NA,NA,
cup,2016,4.9.16,LZ/GAD,SL,18:40,2 min,4,71,Qv-F,KRE,58,M,NA,Qg,Qg,Qg,Qg,Qg,Qg,Qg,C,Qg,Qg,Qg,Qg,Qg,Qg,Qg,NA,NA,NA,NA,NA,
cup,2016,4.9.16,LZ/GAD,SL,18:40,2 min,4,72,Qv-T,Rice,,F,NA,C,Qv,Qv,C,Qv,C,C,Qv,C,C,C,C,C,C,C,NA,NA,NA,NA,NA,
cup,2016,4.9.16,LZ/GAD,SL,18:40,2 min,4,73,Qv-T,Rice,,F,NA,C,C,Qv,C,Qv,Qv,Qv,C,Qv,Qv,Qv,Qv,C,C,C,NA,NA,NA,NA,NA,
cup,2016,4.9.16,LZ/GAD,SL,18:40,2 min,4,74,Qv-F,KRE,52,F,NA,C,C,C,C,C,C,C,C,C,C,C,C,C,C,C,NA,NA,NA,NA,NA,
cup,2016,4.9.16,LZ/GAD,SL,18:40,2 min,4,75,Qv-T,Rice,,F,NA,C,C,C,C,C,C,C,Qv,C,C,C,C,C,C,C,NA,NA,NA,NA,NA,
cup,2016,4.9.16,LZ/GAD,SL,18:40,2 min,4,76,Qv-T,Rice,,F,NA,C,C,C,C,C,C,Qv,C,C,C,Qv,Qv,Qv,C,C,NA,NA,NA,NA,NA,
cup,2016,4.9.16,LZ/GAD,SL,18:40,2 min,4,77,Qv-F,KRE,52,F,NA,C,C,C,C,C,C,Qv,C,C,C,C,C,C,C,C,NA,NA,NA,NA,NA,
cup,2016,4.9.16,LZ/GAD,SL,18:40,2 min,4,78,Qv-T,Rice,,F,NA,C,C,C,C,C,C,C,C,C,C,C,C,C,C,C,NA,NA,NA,NA,NA,
cup,2016,4.9.16,LZ/GAD,SL,18:40,2 min,4,79,Qv-F,KRE,63,M,NA,Qg,C,C,C,C,C,C,C,Qg,C,C,C,C,C,C,NA,NA,NA,NA,NA,
cup,2016,4.9.16,LZ/GAD,SL,18:40,2 min,4,80,Qv-F,KRE,63,M,NA,C,Qg,Qv,Qv,Qv,C,C,C,C,Qg,Qg,Qg,Qg,Qg,Qg,NA,NA,NA,NA,NA,
cup,2016,4.9.16,LZ/GAD,SL,18:40,2 min,4,81,Qv-F,KRE,63,M,NA,C,C,C,C,C,C,C,C,C,C,C,C,C,C,C,NA,NA,NA,NA,NA,
cup,2016,4.9.16,LZ/GAD,SL,18:40,2 min,4,82,Qv-T,Rice,,F,NA,NA,NA,NA,NA,NA,NA,NA,NA,NA,NA,NA,NA,NA,NA,NA,NA,NA,NA,NA,NA,
cup,2016,4.9.16,LZ/GAD,SL,18:40,2 min,4,83,Qv-F,KRE,58,M,NA,Qv,Qv,C,C,C,C,C,C,C,C,C,C,C,C,C,NA,NA,NA,NA,NA,
cup,2016,4.9.16,LZ/GAD,SL,18:40,2 min,4,84,Qv-F,KRE,63,M,NA,C,C,C,C,C,C,C,C,C,C,C,C,C,C,C,NA,NA,NA,NA,NA,
cup,2016,4.11.16,LZ/GAD,SL,4:20,2 min,5,85,Qv-F,KRE,57,M,NA,C,C,C,C,C,C,C,C,C,C,C,C,C,C,C,C,C,C,C,C,
cup,2016,4.11.16,LZ/GAD,SL,4:20,2 min,5,86,Qv-F,KRE,58,F,NA,C,C,Qv,C,C,C,C,C,C,C,Qg,Qg,Qg,Qg,Qg,Qg,Qg,Qg,Qg,Qg,
cup,2016,4.11.16,LZ/GAD,SL,4:20,2 min,5,87,Qv-T,Rice,P4G47,M,NA,Qv,Qv,Qv,Qv,C,C,C,C,C,C,C,C,C,C,C,C,C,C,C,C,
cup,2016,4.11.16,LZ/GAD,SL,4:20,2 min,5,88,Qv-T,Rice,P4G22,F,NA,C,C,C,C,C,C,C,C,C,C,C,C,C,C,C,C,C,C,C,C,
cup,2016,4.11.16,LZ/GAD,SL,4:20,2 min,5,89,Qv-F,KRE,57,M,NA,C,C,C,C,Qv,C,C,C,C,C,C,C,C,C,C,C,Qv,C,Qg,C,
cup,2016,4.11.16,LZ/GAD,SL,4:20,2 min,5,90,Qv-T,Rice,P4G22,F,NA,C,C,C,Qv,C,C,C,C,C,C,Qv,Qv,C,C,C,Qv,C,Qv,C,C,
cup,2016,4.11.16,LZ/GAD,SL,4:20,2 min,5,91,Qv-F,KRE,58,F,NA,C,C,C,C,C,C,C,C,C,C,C,C,C,C,C,C,C,C,C,C,
cup,2016,4.11.16,LZ/GAD,SL,4:20,2 min,5,92,Qv-F,KRE,57,M,NA,C,C,C,C,C,C,C,C,C,C,C,C,C,C,C,C,C,C,C,C,
cup,2016,4.11.16,LZ/GAD,SL,4:20,2 min,5,93,Qv-T,Rice,P4G31,M,NA,Qv,Qv,Qv,Qv,C,C,C,C,C,C,C,C,C,C,C,C,C,C,C,C,
cup,2016,4.11.16,LZ/GAD,SL,4:20,2 min,5,94,Qv-T,Rice,P4G09,F,NA,C,C,C,C,Qv,C,C,C,C,C,C,Qv,Qv,Qv,C,C,C,C,C,Qv,
cup,2016,4.11.16,LZ/GAD,SL,4:20,2 min,5,95,Qv-F,KRE,57,M,NA,C,C,C,C,C,C,C,C,C,C,C,C,C,C,C,C,C,C,C,C,
cup,2016,4.11.16,LZ/GAD,SL,4:20,2 min,5,96,Qv-F,KRE,52,F,NA,C,C,C,C,C,C,C,C,C,C,C,C,C,C,C,C,C,C,C,C,
cup,2016,4.11.16,LZ/GAD,SL,4:20,2 min,5,97,Qv-T,Rice,P4G31,M,NA,C,C,C,Qv,Qv,Qv,Qv,Qv,Qv,Qv,Qv,Qv,C,C,C,C,C,Qg,Qg,Qg,
cup,2016,4.11.16,LZ/GAD,SL,4:20,2 min,5,98,Qv-F,KRE,57,M,NA,C,C,C,C,C,C,C,C,C,C,C,C,C,C,C,C,C,C,C,C,
cup,2016,4.11.16,LZ/GAD,SL,4:20,2 min,5,99,Qv-T,Rice,P4G09,F,NA,C,C,Qg,Qg,Qg,Qg,Qg,Qg,C,C,C,Qg,Qg,C,C,C,C,C,C,Qg,
cup,2016,4.11.16,LZ/GAD,SL,4:20,2 min,5,100,Qv-F,KRE,52,F,NA,C,C,C,C,C,C,C,C,C,C,Qv,C,C,C,C,C,C,C,C,C,
cup,2016,4.11.16,LZ/GAD,SL,4:20,2 min,5,101,Qv-F,KRE,33,M,NA,Qv,Qv,C,C,C,C,C,C,C,C,Qg,Qg,C,C,Qv,C,C,C,Qv,Qv,
cup,2016,4.11.16,LZ/GAD,SL,4:20,2 min,5,102,Qv-T,Rice,P4G31,M,NA,C,C,C,C,C,C,C,C,C,C,C,C,C,C,C,C,C,C,C,C,
cup,2016,4.11.16,LZ/GAD,SL,4:20,2 min,5,103,Qv-T,Rice,P4G09,F,NA,C,C,Qv,C,C,C,C,C,C,C,C,C,C,C,C,C,C,C,C,C,
cup,2016,4.11.16,LZ/GAD,SL,4:20,2 min,5,104,Qv-T,Rice,P4G09,F,NA,C,C,C,C,C,C,C,C,C,C,C,C,C,C,C,C,C,C,C,C,
cup,2016,4.11.16,LZ/GAD,SL,4:20,2 min,5,105,Qv-F,KRE,35,M,NA,NA,C,C,C,C,C,C,C,C,C,C,C,C,C,C,C,C,C,C,C,
cup,2016,4.11.16,LZ/GAD,SL,4:20,2 min,5,106,Qv-T,Rice,P4G09,F,NA,Qv,Qv,Qv,Qv,Qv,Qv,Qv,Qv,Qv,Qv,Qv,Qv,Qv,C,C,Qv,Qv,Qv,Qv,Qv,
cup,2016,4.11.16,LZ/GAD,SL,4:20,2 min,5,107,Qv-T,Rice,P4G09,F,NA,C,C,C,C,C,C,C,C,C,C,Qv,C,C,C,C,C,C,C,C,C,
cup,2016,4.11.16,LZ/GAD,SL,4:20,2 min,5,108,Qv-F,KRE,35,M,NA,C,C,C,C,C,C,C,C,C,C,C,C,C,C,C,C,C,C,C,C,
cup,2016,4.12.16,LZ/GAD,SL,14:30,2 min,6,109,Qv-F,KRE,58,M,NA,C,C,C,C,C,C,C,C,C,C,C,C,C,C,C,C,C,C,C,C,
cup,2016,4.12.16,LZ/GAD,SL,14:30,2 min,6,110,Qv-T,Rice,P4G07,F,NA,Qv,C,C,C,Qv,Qv,Qv,Qv,C,Qv,C,C,C,Qv,Qg,Qg,Qg,C,Qg,Qg,
cup,2016,4.12.16,LZ/GAD,SL,14:30,2 min,6,111,Qv-F,KRE,52,F,NA,C,C,C,C,C,C,C,C,C,C,C,C,C,C,C,C,C,C,C,C,
cup,2016,4.12.16,LZ/GAD,SL,14:30,2 min,6,112,Qv-T,Rice,P4G36,M,NA,C,C,C,C,C,C,C,C,C,C,C,C,C,C,C,C,C,C,C,C,
cup,2016,4.12.16,LZ/GAD,SL,14:30,2 min,6,113,Qv-T,Rice,P4G07,F,NA,C,Qv,C,C,C,C,C,C,C,C,C,C,C,Qg,C,Qv,Qv,C,C,C,
cup,2016,4.12.16,LZ/GAD,SL,14:30,2 min,6,114,Qv-F,KRE,58,M,NA,C,C,C,C,C,C,C,C,C,C,C,C,C,C,C,C,C,Qv,C,C,
cup,2016,4.12.16,LZ/GAD,SL,14:30,2 min,6,115,Qv-T,Rice,P4G07,F,NA,Qg,C,C,C,Qg,Qv,Qv,Qv,Qv,Qg,C,Qg,C,Qv,Qg,Qg,Qg,Qv,Qg,Qg,
cup,2016,4.12.16,LZ/GAD,SL,14:30,2 min,6,116,Qv-F,KRE,52,F,NA,C,C,C,C,C,C,C,C,C,C,C,C,C,C,C,C,C,C,C,C,
cup,2016,4.12.16,LZ/GAD,SL,14:30,2 min,6,117,Qv-T,Rice,P4G36,M,NA,C,C,C,C,C,C,C,C,C,C,C,C,C,C,C,C,C,C,C,C,
cup,2016,4.12.16,LZ/GAD,SL,14:30,2 min,6,118,Qv-F,KRE,33,M,NA,Qv,C,C,C,C,C,C,Qv,C,C,C,C,C,C,C,C,C,C,C,C,
cup,2016,4.12.16,LZ/GAD,SL,14:30,2 min,6,119,Qv-F,KRE,57,M,NA,C,C,C,C,C,C,C,C,C,C,C,C,C,C,C,C,C,C,C,C,
cup,2016,4.12.16,LZ/GAD,SL,14:30,2 min,6,121,Qv-F,KRE,45,M,NA,C,C,C,C,C,C,C,C,C,C,C,C,C,C,C,C,C,C,C,C,
cup,2016,4.12.16,LZ/GAD,SL,14:30,2 min,6,123,Qv-F,KRE,63,M,NA,C,Qg,C,Qv,Qv,C,C,C,C,C,C,C,C,C,C,C,C,C,C,C,
cup,2016,4.12.16,LZ/GAD,SL,14:30,2 min,6,124,Qv-T,Rice,P4G37,F,NA,C,C,C,C,C,C,C,C,C,C,C,Qv,C,Qv,C,C,C,C,C,C,
cup,2016,4.12.16,LZ/GAD,SL,14:30,2 min,6,125,Qv-F,KRE,52,F,NA,Qv,Qv,Qv,Qv,Qv,Qv,Qv,Qv,Qv,C,Qv,Qv,C,C,C,C,C,C,Qg,Qg,
cup,2016,4.12.16,LZ/GAD,SL,14:30,2 min,6,126,Qv-T,Rice,P4G36,M,NA,C,C,C,C,C,C,C,C,C,C,C,C,C,C,C,C,C,C,C,C,
cup,2016,4.12.16,LZ/GAD,SL,14:30,2 min,6,127,Qv-F,KRE,63,M,NA,C,C,C,C,C,C,C,C,C,C,C,C,C,C,C,C,C,C,C,C,
cup,2016,4.12.16,LZ/GAD,SL,14:30,2 min,6,128,Qv-T,Rice,P4G9,F,NA,Qv,C,C,Qv,C,C,C,C,C,C,Qv,C,C,C,C,Qv,C,C,C,C,
cup,2016,4.12.16,LZ/GAD,SL,14:30,2 min,6,129,Qv-T,Rice,P4G8,M,NA,C,C,C,Qv,C,C,Qg,Qg,Qg,C,C,C,C,C,C,C,C,C,C,C,
cup,2016,4.12.16,LZ/GAD,SL,14:30,2 min,6,130,Qv-F,KRE,63,M,NA,C,C,C,C,C,C,C,C,C,C,C,C,C,C,C,C,C,C,C,C,
cup,2016,4.12.16,LZ/GAD,SL,14:30,2 min,6,131,Qv-T,Rice,P4G9,F,NA,C,C,C,C,C,C,C,C,C,C,C,C,C,C,C,C,C,C,C,C,
cup,2016,4.12.16,LZ/GAD,SL,14:30,2 min,6,132,Qv-F,KRE,63,M,NA,C,C,C,C,C,C,C,C,C,C,C,C,C,C,C,C,C,C,C,C,
cup,2016,4.12.16,LZ,SL,17:38,2 min,7,133,Qv-T,Rice,TIP4G39,M,NA,C,Qv,C,C,C,C,C,C,Qv,C,C,Qv,C,Qg,C,Qg,C,Qg,C,C,
cup,2016,4.12.16,LZ,SL,17:38,2 min,7,134,Qv-T,Rice,,M,NA,C,C,C,C,C,C,C,C,C,C,C,C,C,C,C,C,C,C,C,C,
cup,2016,4.12.16,LZ,SL,17:38,2 min,7,135,Qv-T,Rice,,M,NA,C,C,C,C,C,C,C,C,C,C,C,C,C,C,C,C,C,C,C,C,
cup,2016,4.12.16,LZ,SL,17:38,2 min,7,136,Qv-T,Rice,,M,NA,C,C,C,C,C,C,C,C,C,C,C,C,C,C,C,C,C,C,C,C,
cup,2016,4.12.16,LZ,SL,17:38,2 min,7,137,Qv-T,Rice,,M,NA,C,C,C,C,C,C,C,C,C,C,C,C,C,C,C,C,C,C,C,C,
cup,2016,4.12.16,LZ,SL,17:38,2 min,7,138,Qv-T,Rice,,M,NA,C,C,C,C,C,C,C,C,C,C,C,C,C,C,C,C,C,Qv,C,C,
cup,2016,4.12.16,LZ,SL,17:38,2 min,7,139,Qv-T,Rice,,M,NA,C,C,C,C,C,C,C,C,C,C,C,C,C,C,C,C,C,C,C,C,
cup,2016,4.12.16,LZ,SL,17:38,2 min,7,140,Qv-T,Rice,,M,NA,C,C,C,C,C,C,C,C,C,C,C,C,C,C,C,C,C,C,C,C,
cup,2016,4.12.16,LZ,SL,17:38,2 min,7,141,Qv-T,Rice,TIP4G38,M,NA,C,C,Qg,C,C,C,C,C,C,C,C,C,C,C,C,Qg,Qv,C,C,C,
cup,2016,4.12.16,LZ,SL,17:38,2 min,7,142,Qv-T,Rice,,M,NA,C,C,C,C,C,C,Qv,C,C,C,C,Qv,C,C,C,Qv,C,C,C,C,
cup,2016,4.12.16,LZ,SL,17:38,2 min,7,143,Qv-T,Rice,TIP4G28,M,NA,C,C,C,C,C,C,C,C,C,C,C,C,C,C,C,C,C,C,C,C,
cup,2016,4.12.16,LZ,SL,17:38,2 min,7,144,Qv-T,Rice,TIP4G28,M,NA,C,C,C,C,C,C,C,C,C,C,C,C,C,C,C,C,C,C,C,C,
cup,2016,4.12.16,LZ,SL,17:38,2 min,7,145,Qv-T,Rice,,M,NA,Qg,Qg,Qg,Qg,Qg,Qg,Qg,Qg,Qg,Qg,Qg,Qv,Qv,Qv,Qv,Qv,Qv,Qv,Qv,Qv,
cup,2016,4.12.16,LZ,SL,17:38,2 min,7,146,Qv-T,Rice,,M,NA,C,C,C,C,C,C,C,C,C,C,C,C,C,C,C,C,C,C,C,C,
cup,2016,4.12.16,LZ,SL,17:38,2 min,7,147,Qv-T,Rice,,M,NA,C,C,C,C,C,C,C,C,C,C,C,Qg,C,C,C,C,C,C,C,C,
cup,2016,4.12.16,LZ,SL,17:38,2 min,7,148,Qv-T,Rice,,M,NA,C,C,C,C,C,C,C,C,C,C,C,C,C,C,C,C,C,C,C,C,
cup,2016,4.12.16,LZ,SL,17:38,2 min,7,149,Qv-T,Rice,,M,NA,Qv,C,C,C,C,C,Qg,C,C,C,C,Qv,Qv,C,C,C,C,C,C,C,
cup,2016,4.12.16,LZ,SL,17:38,2 min,7,150,Qv-T,Rice,TIP4G10,M,NA,C,C,C,C,C,C,C,C,C,C,C,C,C,C,C,C,C,C,C,C,
cup,2016,4.12.16,LZ,SL,17:38,2 min,7,152,Qv-T,Rice,TIP4G44,M,NA,C,C,C,C,C,C,C,C,C,C,C,C,C,C,C,C,C,C,C,C,
cup,2016,4.12.16,LZ,SL,17:38,2 min,7,153,Qv-T,Rice,TIP4G44,M,NA,C,C,C,C,C,C,C,C,C,C,C,C,C,C,C,C,C,C,C,C,
cup,2016,4.12.16,LZ,SL,17:38,2 min,7,154,Qv-T,Rice,TIP4G37,M,NA,Qv,Qg,C,C,C,C,C,C,C,C,C,C,C,C,C,C,C,C,C,C,
cup,2016,4.16.16,LZ,SL,15:10,2 min,8,157,Qv-F,KRE,63,M,NA,C,C,C,C,C,C,C,C,C,C,C,C,C,C,C,C,C,Qg,Qg,Qg,
cup,2016,4.16.16,LZ,SL,15:10,2 min,8,158,Qv-T,Rice,TIP4G9,F,NA,Qv,C,C,C,C,C,C,C,C,C,C,C,C,C,C,C,C,C,C,C,
cup,2016,4.16.16,LZ,SL,15:10,2 min,8,159,Qv-T,Rice,TIP4G36,M,NA,C,C,C,C,C,C,C,C,C,C,C,C,C,C,C,C,C,C,C,C,
cup,2016,4.16.16,LZ,SL,15:10,2 min,8,160,Qv-T,Rice,TIP4G7,F,NA,Qv,Qv,Qv,Qv,Qv,C,Qv,Qv,C,Qv,Qv,Qv,C,Qv,Qv,Qv,Qv,Qv,Qv,Qv,
cup,2016,4.16.16,LZ,SL,15:10,2 min,8,161,Qv-F,KRE,63,M,NA,Qg,Qv,Qg,C,Qv,C,Qg,Qg,Qg,C,Qv,Qg,Qg,C,Qg,Qv,Qg,Qg,Qv,C,
cup,2016,4.16.16,LZ,SL,15:10,2 min,8,162,Qv-T,Rice,TIP4G36,M,NA,C,C,C,C,C,C,C,C,C,C,C,C,C,C,C,C,C,C,C,C,
cup,2016,4.16.16,LZ,SL,15:10,2 min,8,163,Qv-T,Rice,TIP4G7,F,NA,C,C,C,C,C,C,C,C,C,C,C,C,C,Qv,C,C,C,Qv,C,Qv,
cup,2016,4.16.16,LZ,SL,15:10,2 min,8,164,Qv-F,KRE,63,M,NA,C,C,C,C,C,C,C,C,C,C,C,C,C,C,C,C,C,C,C,C,
cup,2016,4.16.16,LZ,SL,15:10,2 min,8,165,Qv-T,Rice,TIP4G36,M,NA,C,C,Qg,Qg,Qg,Qg,C,C,C,Qg,C,Qv,Qv,Qv,Qv,Qv,Qv,Qv,Qv,Qv,
cup,2016,4.16.16,LZ,SL,15:10,2 min,8,166,Qv-F,KRE,52,F,NA,C,C,C,C,C,C,C,C,C,C,C,C,C,C,C,C,C,C,C,C,
cup,2016,4.16.16,LZ,SL,15:10,2 min,8,167,Qv-F,KRE,33,M,NA,C,C,C,C,C,C,Qv,C,C,C,C,C,C,C,C,C,C,Qv,C,C,
cup,2016,4.16.16,LZ,SL,15:10,2 min,8,168,Qv-T,Rice,TIP4G7,F,NA,Qv,C,Qg,C,C,Qg,Qg,Qg,Qv,C,C,Qv,Qv,C,Qg,Qg,Qv,C,C,C,
cup,2016,4.16.16,LZ,SL,15:10,2 min,8,169,Qv-F,KRE,39,M,NA,Qv,Qv,Qv,Qv,Qv,Qv,Qv,Qv,Qv,Qv,Qv,Qv,Qv,Qv,Qv,Qv,Qv,Qv,Qv,Qv,
cup,2016,4.16.16,LZ,SL,15:10,2 min,8,170,Qv-T,Rice,TIP4G37,F,NA,C,C,C,C,C,C,C,C,C,C,C,C,C,C,C,Qv,Qg,Qv,Qv,C,
cup,2016,4.16.16,LZ,SL,15:10,2 min,8,171,Qv-F,KRE,57,M,NA,C,C,C,C,C,C,C,C,C,C,C,C,C,C,C,C,C,C,C,C,
cup,2016,4.16.16,LZ,SL,15:10,2 min,8,172,Qv-T,Rice,TIP4G47,M,NA,Qg,Qg,Qg,Qg,Qg,Qg,Qg,Qg,Qg,C,Qg,Qg,Qg,Qg,Qg,Qg,Qg,C,C,C,
cup,2016,4.16.16,LZ,SL,15:10,2 min,8,173,Qv-F,KRE,52,F,NA,C,C,C,C,C,C,C,C,C,Qv,C,C,C,C,C,C,C,C,C,C,
cup,2016,4.16.16,LZ,SL,15:10,2 min,8,174,Qv-T,Rice,TIP4G47,F,NA,C,C,C,Qv,Qv,Qv,Qv,Qv,C,C,C,C,C,C,C,C,C,C,C,C,
cup,2016,4.16.16,LZ,SL,15:10,2 min,8,175,Qv-T,Rice,TIP4G7,M,NA,C,C,Qg,C,C,C,C,C,C,C,C,C,C,C,C,C,C,C,C,C,
cup,2016,4.16.16,LZ,SL,15:10,2 min,8,176,Qv-T,Rice,TIP4G31,F,NA,Qv,Qv,Qv,C,C,C,C,C,C,C,Qv,C,C,Qv,C,C,C,C,C,C,
cup,2016,4.16.16,LZ,SL,15:10,2 min,8,177,Qv-F,KRE,52,F,NA,C,C,C,C,C,C,C,C,C,C,C,C,C,C,C,C,C,C,C,C,
cup,2016,4.16.16,LZ,SL,15:10,2 min,8,178,Qv-T,Rice,TIP4G31,F,NA,C,Qv,Qv,C,Qv,Qv,C,C,Qv,Qv,C,C,C,Qv,C,C,Qg,C,C,Qv,
cup,2016,4.16.16,LZ,SL,15:10,2 min,8,179,Qv-T,Rice,TIP4G31,M,NA,C,C,C,C,C,C,C,C,C,C,C,C,C,C,C,C,C,C,C,C,
cup,2016,4.16.16,LZ,SL,15:10,2 min,8,180,Qv-T,Rice,TIP4G31,F,NA,Qv,Qv,Qv,Qv,C,Qv,C,C,Qg,Qv,Qv,Qv,C,Qg,C,C,Qv,Qv,Qv,Qv,
cup,2016,4.19.16,LZ,SL,18:30,2 min,9,181,Qv-F,KRE,45,M,NA,C,C,C,C,Qv,C,C,Qv,C,C,Qv,Qv,C,Qg,Qg,NA,NA,NA,NA,NA,
cup,2016,4.19.16,LZ,SL,18:30,2 min,9,182,Qv-T,Rice,TIP4G40,F,NA,C,Qv,C,C,C,C,C,C,C,C,Qv,Qg,C,C,C,NA,NA,NA,NA,NA,
cup,2016,4.19.16,LZ,SL,18:30,2 min,9,183,Qv-T,Rice,TIP4G4,M,NA,C,C,C,C,C,C,C,C,C,Qg,C,C,C,C,C,NA,NA,NA,NA,NA,
cup,2016,4.19.16,LZ,SL,18:30,2 min,9,184,Qv-F,KRE,52,F,NA,C,Qg,C,Qg,C,Qv,C,C,Qv,Qg,Qg,C,C,C,Qg,NA,NA,NA,NA,NA,
cup,2016,4.19.16,LZ,SL,18:30,2 min,9,185,Qv-F,KRE,45,M,NA,C,C,C,C,C,C,C,Qg,C,C,C,C,C,C,C,NA,NA,NA,NA,NA,
cup,2016,4.19.16,LZ,SL,18:30,2 min,9,186,Qv-T,Rice,TIPG4,F,NA,NA,Qg,Qg,Qg,Qg,Qg,Qg,Qv,C,C,Qg,Qg,Qg,Qg,Qg,NA,NA,NA,NA,NA,
cup,2016,4.19.16,LZ,SL,18:30,2 min,9,187,Qv-T,Rice,TIPG7,F,NA,Qg,Qg,Qg,Qg,Qg,Qv,Qg,Qv,Qv,Qv,Qv,Qv,Qv,Qv,Qv,NA,NA,NA,NA,NA,
cup,2016,4.19.16,LZ,SL,18:30,2 min,9,188,Qv-T,Rice,TIPG7,M,NA,C,C,C,C,C,C,C,C,C,Qg,C,C,C,C,C,NA,NA,NA,NA,NA,
cup,2016,4.19.16,LZ,SL,18:30,2 min,9,189,Qv-F,KRE,,M,NA,Qg,Qg,C,Qg,C,C,C,C,C,C,C,C,C,C,C,NA,NA,NA,NA,NA,
cup,2016,4.19.16,LZ,SL,18:30,2 min,9,190,Qv-T,Rice,TIPG4,M,NA,C,C,C,C,C,C,C,Qg,C,C,C,C,C,C,C,NA,NA,NA,NA,NA,
cup,2016,4.19.16,LZ,SL,18:30,2 min,9,191,Qv-T,Rice,TIPG37,F,NA,Qv,Qv,Qv,Qv,Qv,Qv,Qv,Qv,C,Qv,Qv,Qv,Qv,Qv,Qv,NA,NA,NA,NA,NA,
cup,2016,4.19.16,LZ,SL,18:30,2 min,9,192,Qv-T,Rice,TIPG22,F,NA,Qv,Qv,Qv,Qv,C,Qv,Qv,C,Qg,C,Qv,Qg,C,Qv,Qg,NA,NA,NA,NA,NA,
cup,2016,4.19.16,LZ,SL,18:30,2 min,9,193,Qv-T,Rice,TIPG11,F,NA,C,C,C,C,C,Qg,C,C,C,C,C,C,C,C,C,NA,NA,NA,NA,NA,
cup,2016,4.19.16,LZ,SL,18:30,2 min,9,194,Qv-T,Rice,TIPG11,M,NA,C,C,C,C,C,C,C,C,C,C,C,C,C,C,C,NA,NA,NA,NA,NA,
cup,2016,4.19.16,LZ,SL,18:30,2 min,9,195,Qv-T,Rice,TIPG22,F,NA,C,C,C,C,C,C,C,C,C,C,C,C,C,C,C,NA,NA,NA,NA,NA,
cup,2016,4.19.16,LZ,SL,18:30,2 min,9,196,Qv-T,Rice,TIPG11,M,NA,Qv,Qv,Qv,Qv,Qv,Qv,Qv,Qv,Qv,Qv,Qv,Qv,Qv,Qv,Qv,NA,NA,NA,NA,NA,
cup,2016,4.19.16,LZ,SL,18:30,2 min,9,197,Qv-T,Rice,TIPG22,F,NA,Qg,C,C,C,C,C,C,C,C,C,C,C,C,C,C,NA,NA,NA,NA,NA,
cup,2016,4.19.16,LZ,SL,18:30,2 min,9,198,Qv-T,Rice,TIPG11,M,NA,C,C,C,C,C,C,C,C,C,C,C,C,C,C,C,NA,NA,NA,NA,NA,
cup,2016,4.19.16,LZ,SL,18:30,2 min,9,199,Qv-T,Rice,TIPG22,F,NA,C,C,C,C,C,C,C,C,C,C,Qv,C,C,C,C,NA,NA,NA,NA,NA,
cup,2016,4.19.16,LZ,SL,18:30,2 min,9,200,Qv-T,Rice,TIPG31,F,NA,Qv,Qv,Qg,Qg,Qv,Qv,Qv,Qv,Qv,C,Qv,Qv,Qv,Qg,Qv,NA,NA,NA,NA,NA,
cup,2016,4.19.16,LZ,SL,18:30,2 min,9,201,Qv-T,Rice,TIPG22,F,NA,C,Qg,C,C,C,C,C,C,C,C,C,C,C,C,C,NA,NA,NA,NA,NA,
cup,2016,4.19.16,LZ,SL,18:30,2 min,9,202,Qv-T,Rice,TIPG47,F,NA,C,C,C,C,C,C,C,C,C,C,C,C,C,C,Qg,NA,NA,NA,NA,NA,
cup,2016,4.19.16,LZ,SL,18:30,2 min,9,203,Qv-T,Rice,TIPG31,M,NA,C,C,C,C,C,C,C,C,C,C,C,C,C,C,C,NA,NA,NA,NA,NA,
cup,2016,4.19.16,LZ,SL,18:30,2 min,9,204,Qv-T,Rice,TIPG22,F,NA,C,C,C,C,C,C,C,C,C,C,C,C,C,C,C,NA,NA,NA,NA,NA,
cup,2016,4.27.16,LZ,SL,14:30,2 min,10,205,Qv-T,Rice,,F,NA,C,C,C,Qv,C,Qg,C,C,C,Qv,Qg,C,C,C,C,C,C,C,Qv,C,
cup,2016,4.27.16,LZ,SL,14:30,2 min,10,206,Qv-T,Rice,,M,NA,C,C,C,C,C,C,C,C,C,C,C,C,C,C,C,C,C,C,C,C,
cup,2016,4.27.16,LZ,SL,14:30,2 min,10,207,Qg,LL,,F,NA,C,C,C,C,C,C,C,C,C,C,C,C,C,C,C,Qv,C,C,C,C,
cup,2016,4.27.16,LZ,SL,14:30,2 min,10,208,Qg,LL,,M,NA,Qv,Qv,Qv,Qv,Qv,Qv,Qv,Qv,Qv,Qv,Qv,Qv,Qv,Qv,Qv,Qv,Qv,Qv,Qv,Qv,
cup,2016,4.27.16,LZ,SL,14:30,2 min,10,209,Qv-T,Rice,,M,NA,Qv,C,C,C,C,C,C,C,C,C,Qv,C,C,Qg,C,C,C,C,C,C,
cup,2016,4.27.16,LZ,SL,14:30,2 min,10,210,Qv-T,Rice,,F,NA,C,C,C,C,C,C,C,C,C,C,C,C,C,C,C,C,C,C,C,C,
cup,2016,4.27.16,LZ,SL,14:30,2 min,10,211,Qg,LL,,M,NA,Qg,Qg,Qg,Qg,Qg,Qg,Qg,Qg,Qg,Qv,Qg,Qg,Qg,Qg,Qg,Qg,Qg,Qg,Qg,Qg,
cup,2016,4.27.16,LZ,SL,14:30,2 min,10,212,Qg,LL,,F,NA,Qg,Qg,Qg,Qg,Qg,Qg,Qg,Qg,Qg,Qg,Qg,Qg,Qg,C,C,C,C,C,C,C,
cup,2016,4.27.16,LZ,SL,14:30,2 min,10,213,Qv-T,Rice,,M,NA,C,Qg,Qg,Qg,Qg,Qg,Qg,Qg,Qg,Qg,Qg,Qg,C,Qg,Qg,Qg,C,C,Qg,Qg,
cup,2016,4.27.16,LZ,SL,14:30,2 min,10,214,Qv-T,Rice,,F,NA,Qv,Qv,Qv,Qv,Qg,Qg,C,C,C,C,C,C,C,C,C,C,C,C,C,C,
cup,2016,4.27.16,LZ,SL,14:30,2 min,10,215,Qg,LL,,M,NA,Qg,Qg,Qg,Qg,Qg,Qg,Qg,Qg,Qg,Qg,Qg,Qg,Qg,Qg,Qg,Qg,Qg,Qg,Qg,Qg,
cup,2016,4.27.16,LZ,SL,14:30,2 min,10,216,Qg,LL,,F,NA,Qv,C,Qv,Qv,Qv,C,Qv,Qv,Qv,Qv,Qg,Qg,Qg,Qg,Qg,Qg,Qg,Qg,Qg,Qg,
cup,2016,4.27.16,LZ,SL,14:30,2 min,10,217,Qv-T,Rice,,M,NA,Qg,Qg,Qg,Qg,Qg,Qg,Qg,Qg,Qg,Qg,Qg,Qg,Qg,Qg,Qg,Qg,Qg,Qg,Qg,Qg,
cup,2016,4.27.16,LZ,SL,14:30,2 min,10,218,Qg,LL,,M,NA,Qv,Qv,Qv,Qv,Qv,Qv,Qv,Qv,Qv,Qv,Qv,Qv,Qv,Qv,Qv,Qv,Qv,Qv,Qv,Qv,
cup,2016,4.27.16,LZ,SL,14:30,2 min,10,219,Qv-T,Rice,,F,NA,C,C,C,C,C,Qv,Qv,Qv,Qv,Qv,Qv,Qv,Qv,Qv,Qv,Qv,Qv,Qv,Qv,C,
cup,2016,4.27.16,LZ,SL,14:30,2 min,10,220,Qv-T,Rice,,M,NA,Qv,Qg,C,Qv,Qg,Qg,Qg,Qg,Qg,Qg,Qg,Qg,Qg,Qg,Qg,Qg,Qg,Qv,Qv,Qv,
cup,2016,4.27.16,LZ,SL,14:30,2 min,10,221,Qg,LL,,F,NA,C,Qg,Qg,Qg,Qg,Qg,Qv,Qg,Qg,Qg,Qg,Qg,Qg,Qg,Qg,Qv,C,Qg,Qg,Qv,
cup,2016,4.27.16,LZ,SL,14:30,2 min,10,222,Qv-T,Rice,,F,NA,C,C,C,C,C,C,C,C,C,C,C,C,C,C,C,C,C,C,C,C,
cup,2016,4.27.16,LZ,SL,14:30,2 min,10,223,Qg,LL,,M,NA,C,C,C,C,C,C,C,C,C,C,C,C,C,C,C,C,C,C,C,C,
cup,2016,4.27.16,LZ,SL,14:30,2 min,10,224,Qv-T,Rice,,M,NA,C,C,C,C,C,C,C,C,C,C,C,C,Qg,C,C,C,Qg,Qg,Qg,Qg,
cup,2016,4.27.16,LZ,SL,14:30,2 min,10,225,Qg,LL,,F,NA,Qg,Qg,C,C,Qg,Qg,Qg,C,Qv,Qg,Qg,C,Qv,C,Qg,C,C,C,C,C,
cup,2016,4.27.16,LZ,SL,14:30,2 min,10,226,Qg,LL,,M,NA,Qg,Qg,Qg,Qg,Qg,Qg,Qg,Qg,Qg,Qg,Qg,Qg,Qg,Qg,Qg,Qg,Qg,Qg,Qg,Qg,
cup,2016,4.27.16,LZ,SL,14:30,2 min,10,227,Qg,LL,,F,NA,Qg,Qg,Qg,C,C,Qg,Qg,Qg,Qg,Qg,Qg,Qg,Qg,Qg,Qg,Qg,C,Qg,Qg,Qg,
cup,2016,4.27.16,LZ,SL,14:30,2 min,10,228,Qv-T,Rice,,M,NA,C,C,C,C,C,C,C,C,C,C,C,C,C,C,C,C,C,C,C,C,
cup,2016,4.27.16,LZ,SL,14:30,2 min,10,229,Qv-T,Rice,,F,NA,Qv,Qv,C,C,C,C,C,Qg,C,Qg,Qg,Qg,C,C,C,C,C,C,Qg,Qg,
cup,2016,4.27.16,LZ,SL,14:30,2 min,10,230,Qg,LL,,M,NA,C,C,C,C,C,C,C,C,C,C,C,C,C,C,C,C,C,C,C,C,
cup,2016,4.27.16,LZ,SL,14:30,2 min,10,231,Qg,LL,,F,NA,C,C,Qv,C,C,C,C,C,C,C,C,C,C,C,C,C,C,C,C,C,
cup,2016,4.27.16,LZ,SL,14:30,2 min,10,232,Qg,LL,,M,NA,Qv,Qv,Qv,Qv,Qv,Qv,Qv,Qv,C,C,C,C,Qv,C,C,C,C,C,C,C,
cup,2016,4.27.16,LZ,SL,14:30,2 min,10,233,Qv-T,Rice,,F,NA,C,C,C,Qg,C,C,Qv,C,C,C,C,Qv,C,Qv,C,C,C,C,C,C,
cup,2016,4.27.16,LZ,SL,14:30,2 min,10,234,Qg,LL,,F,NA,C,C,Qv,C,Qv,C,C,C,C,C,C,Qg,C,C,Qv,Qg,C,C,C,C,
cup,2016,4.27.16,LZ,SL,14:30,2 min,10,235,Qv-T,Rice,,M,NA,C,C,Qg,C,C,C,C,C,C,C,Qg,C,C,Qv,Qv,C,C,C,C,C,
cup,2016,4.27.16,LZ,SL,14:30,2 min,10,236,Qv-T,Rice,,F,NA,Qv,Qv,Qv,Qv,Qv,Qv,Qv,Qv,Qv,C,Qv,Qv,Qv,Qv,Qv,Qv,Qv,Qv,Qv,Qv,
cup,2016,4.29.16,LZ,SL,14:15,2 min,11,237,Qg,LL,,M,NA,C,Qv,C,C,C,C,C,C,C,C,C,C,C,C,C,C,C,C,C,C,
cup,2016,4.29.16,LZ,SL,14:15,2 min,11,238,Qg,LL,,F,NA,Qv,C,C,C,Qg,Qg,Qg,Qg,Qg,Qg,C,C,C,C,Qv,Qv,Qv,Qv,Qv,Qv,
cup,2016,4.29.16,LZ,SL,14:15,2 min,11,239,Qv-T,Rice,,M,NA,C,C,C,C,C,C,C,C,C,Qv,C,C,C,C,C,C,C,C,C,C,
cup,2016,4.29.16,LZ,SL,14:15,2 min,11,240,Qv-T,Rice,,F,NA,C,C,C,C,C,C,C,C,C,C,C,C,C,C,C,C,C,C,C,Qv,
cup,2016,4.29.16,LZ,SL,14:15,2 min,11,241,Qg,LL,,F,NA,Qv,C,C,C,C,Qg,Qg,Qg,Qg,Qg,Qg,Qg,Qg,Qg,Qg,Qg,Qg,Qg,Qg,Qg,
cup,2016,4.29.16,LZ,SL,14:15,2 min,11,242,Qg,LL,,F,NA,Qg,Qg,Qg,Qg,Qg,Qv,Qv,Qv,Qv,C,Qv,Qv,Qv,Qv,Qv,Qv,Qv,Qv,Qv,Qv,
cup,2016,4.29.16,LZ,SL,14:15,2 min,11,243,Qv-T,Rice,,M,NA,C,C,C,C,C,C,C,C,C,C,Qg,C,C,C,C,C,C,C,C,C,
cup,2016,4.29.16,LZ,SL,14:15,2 min,11,244,Qv-T,Rice,,F,NA,C,C,C,C,C,C,C,C,C,C,C,C,C,C,C,C,C,C,C,C,
cup,2016,4.29.16,LZ,SL,14:15,2 min,11,245,Qg,LL,,M,NA,C,C,C,C,C,C,C,C,C,C,C,C,C,C,C,C,C,C,C,C,
cup,2016,4.29.16,LZ,SL,14:15,2 min,11,246,Qv-T,Rice,,M,NA,Qv,Qv,C,C,C,Qv,C,Qg,C,C,C,C,C,C,C,C,C,C,NA,NA,
cup,2016,4.29.16,LZ,SL,14:15,2 min,11,247,Qg,LL,,F,NA,C,C,C,C,C,C,C,C,C,C,C,C,C,C,C,C,C,C,C,C,
cup,2016,4.29.16,LZ,SL,14:15,2 min,11,248,Qg,LL,,M,NA,C,C,C,C,Qv,Qv,Qv,Qv,Qv,Qv,Qv,Qv,Qv,Qv,Qv,Qv,Qv,Qv,C,C,
cup,2016,4.29.16,LZ,SL,14:15,2 min,11,249,Qv-T,Rice,,F,NA,Qv,C,C,C,C,C,C,C,C,C,C,C,C,C,C,C,C,C,C,C,
cup,2016,4.29.16,LZ,SL,14:15,2 min,11,250,Qg,LL,,F,NA,Qv,Qv,C,Qv,Qv,Qv,Qv,Qv,Qv,Qv,Qv,Qv,Qv,Qv,Qv,Qv,Qv,Qv,Qv,Qv,
cup,2016,4.29.16,LZ,SL,14:15,2 min,11,251,Qv-T,Rice,,M,NA,C,C,C,C,Qv,C,C,C,C,C,C,C,C,C,C,C,C,C,C,C,
cup,2016,4.29.16,LZ,SL,14:15,2 min,11,252,Qv-T,Rice,,F,NA,C,C,C,Qg,Qg,Qv,C,C,Qg,Qg,Qg,Qv,C,C,C,C,C,Qg,C,Qg,
cup,2016,4.29.16,LZ,SL,14:15,2 min,11,253,Qv-T,Rice,,M,NA,C,Qv,Qv,C,C,Qv,C,C,C,Qv,Qv,C,C,Qv,C,Qg,Qv,C,Qv,C,
cup,2016,4.29.16,LZ,SL,14:15,2 min,11,254,Qg,LL,,F,NA,Qv,Qv,Qv,Qv,Qv,Qv,Qv,Qv,Qv,Qv,Qv,Qv,Qv,Qv,Qv,Qv,Qv,Qv,Qv,Qv,
cup,2016,4.29.16,LZ,SL,14:15,2 min,11,255,Qv-T,Rice,,F,NA,C,C,C,C,C,C,C,C,C,C,C,C,C,C,C,C,C,C,C,C,
cup,2016,4.29.16,LZ,SL,14:15,2 min,11,256,Qv-T,Rice,,M,NA,C,C,C,C,C,C,C,C,C,C,C,C,C,C,C,C,C,C,C,C,
cup,2016,4.29.16,LZ,SL,14:15,2 min,11,257,Qv-T,Rice,,F,NA,Qv,Qv,Qv,Qv,Qv,Qv,Qv,Qv,Qv,Qv,Qv,Qv,Qv,Qv,Qv,Qv,Qv,Qv,Qv,Qv,
cup,2016,4.29.16,LZ,SL,14:15,2 min,11,258,Qv-T,Rice,,M,NA,C,C,C,C,C,C,C,C,C,C,C,C,C,C,C,C,C,C,C,C,
cup,2016,4.29.16,LZ,SL,14:15,2 min,11,259,Qg,LL,,F,NA,C,C,C,C,Qg,C,C,C,C,C,C,C,C,C,C,C,C,C,C,C,
cup,2016,4.29.16,LZ,SL,14:15,2 min,11,260,Qv-T,Rice,,F,NA,C,C,C,C,C,C,C,C,C,C,C,C,C,C,C,C,C,C,C,C,
cup,2016,4.29.16,LZ,SL,14:15,2 min,11,261,Qg,LL,,F,NA,Qv,C,C,C,C,C,C,C,C,C,C,C,C,C,C,C,C,C,C,C,
cup,2016,4.29.16,LZ,SL,14:15,2 min,11,262,Qv-T,Rice,,M,NA,Qv,C,C,C,C,C,C,C,C,C,Qg,C,C,C,C,C,Qg,C,C,C,
cup,2016,4.29.16,LZ,SL,14:15,2 min,11,263,Qv-T,Rice,,F,NA,C,C,C,C,C,Qv,Qv,Qv,Qv,Qv,Qv,Qv,Qv,Qv,Qv,Qv,Qv,Qv,Qv,Qv,
cup,2016,4.29.16,LZ,SL,14:15,2 min,11,264,Qg,LL,,F,NA,C,C,C,C,C,C,C,C,C,C,C,C,C,C,C,C,C,C,C,C,
cup,2016,4.29.16,LZ,SL,14:15,2 min,11,265,Qv-T,Rice,,M,NA,Qv,Qg,C,C,Qg,C,C,C,Qg,C,C,C,C,C,Qg,C,C,C,C,C,
cup,2016,4.29.16,LZ,SL,14:15,2 min,11,266,Qv-T,Rice,,F,NA,C,C,C,C,C,C,C,C,C,C,C,C,C,C,C,C,C,C,C,C,
cup,2016,4.29.16,LZ,SL,14:15,2 min,11,267,Qg,LL,,F,NA,Qv,Qg,Qv,Qv,Qv,Qg,Qg,Qg,Qg,Qg,Qg,Qg,Qg,Qg,Qg,Qg,Qg,Qg,Qg,Qg,
cup,2016,4.29.16,LZ,SL,14:15,2 min,11,268,Qv-T,Rice,,F,NA,C,C,C,C,C,Qg,C,C,C,C,C,C,Qg,C,C,C,Qg,C,C,C,
cup,2016,4.30.16,LZ,SL,14:15,2 min,11,269,Qv-T,Rice,,F,NA,C,C,C,C,C,Qv,C,C,C,C,C,C,C,C,C,C,C,C,C,C,
cup,2016,4.30.16,LZ,SL,14:15,2 min,11,270,Qv-T,Rice,,M,NA,C,Qg,Qv,C,C,Qv,C,C,C,C,Qg,Qg,C,C,C,C,C,C,C,C,
cup,2016,4.30.16,LZ,SL,14:15,2 min,11,271,Qg,LL,,F,NA,Qv,Qv,Qv,Qv,Qv,Qv,Qv,C,C,C,C,C,Qg,C,Qg,Qg,Qg,Qg,Qg,Qg,
cup,2016,4.30.16,LZ,SL,14:15,2 min,11,272,Qv-T,Rice,,M,NA,Qv,Qv,Qv,Qv,Qv,Qv,C,C,C,Qv,Qv,Qv,Qv,Qg,Qg,C,Qg,C,C,Qv,
cup,2016,4.30.16,LZ,SL,14:15,2 min,11,273,Qv-T,Rice,,F,NA,C,Qg,C,Qv,C,Qv,C,C,C,C,C,C,Qg,C,C,C,C,C,C,C,
cup,2016,4.30.16,LZ,SL,14:15,2 min,11,274,Qv-T,Rice,,M,NA,Qv,C,C,Qg,Qg,Qv,C,C,C,Qv,C,C,C,C,C,C,C,Qg,C,C,
cup,2016,4.30.16,LZ,SL,14:15,2 min,11,275,Qv-T,Rice,,M,NA,C,C,C,C,Qg,Qv,Qg,Qg,C,Qg,Qv,Qv,C,C,Qg,C,Qg,Qg,Qg,Qg,
cup,2016,4.30.16,LZ,SL,14:15,2 min,11,276,Qg,LL,,F,NA,Qv,Qv,Qg,Qv,Qv,Qv,Qv,Qv,Qv,Qv,Qv,Qv,Qv,Qv,Qv,Qv,Qv,Qv,Qv,Qv,
cup,2016,4.30.16,LZ,SL,14:15,2 min,11,277,Qv-T,Rice,,M,NA,Qg,Qg,C,C,C,C,C,C,C,C,C,C,C,C,C,C,C,C,C,Qg,
cup,2016,4.30.16,LZ,SL,14:15,2 min,11,278,Qv-T,Rice,,F,NA,C,C,C,C,C,C,Qv,C,Qg,C,C,C,C,C,C,C,C,C,C,C,
cup,2016,4.30.16,LZ,SL,14:15,2 min,11,279,Qv-T,Rice,,M,NA,C,C,Qg,C,C,C,Qv,C,C,Qg,C,C,C,C,Qg,Qv,C,Qg,C,Qg,
cup,2016,4.30.16,LZ,SL,14:15,2 min,11,280,Qg,LL,,F,NA,C,Qg,C,C,Qg,Qg,Qg,Qg,C,C,Qg,Qg,Qg,Qg,C,C,C,C,C,Qv,
cup,2016,4.30.16,LZ,SL,14:15,2 min,11,281,Qv-T,Rice,,M,NA,Qv,Qg,Qv,C,Qg,C,C,Qv,Qv,Qg,Qg,Qg,Qg,Qg,Qv,C,C,C,Qg,C,
cup,2016,4.30.16,LZ,SL,14:15,2 min,11,282,Qv-T,Rice,,F,NA,C,C,Qv,Qv,Qv,C,C,C,Qv,Qv,C,C,C,Qv,C,Qg,C,C,Qg,C,
cup,2016,4.30.16,LZ,SL,14:15,2 min,11,283,Qg,LL,,F,NA,Qv,C,C,C,Qv,C,C,C,C,C,C,C,C,C,C,C,C,C,C,C,
cup,2016,4.30.16,LZ,SL,14:15,2 min,11,284,Qv-T,Rice,,M,NA,Qg,C,Qv,Qg,C,C,Qg,C,C,C,C,Qv,C,Qg,Qv,C,Qv,Qg,Qv,C,
cup,2016,4.30.16,LZ,SL,14:15,2 min,11,285,Qv-T,Rice,,F,NA,C,C,C,C,C,C,C,C,C,C,C,C,C,C,Qg,C,C,C,Qg,C,
cup,2016,4.30.16,LZ,SL,14:15,2 min,11,286,Qg,LL,,F,NA,Qv,Qv,C,Qv,C,Qg,Qg,Qv,Qg,C,C,Qg,Qg,Qg,C,C,Qv,Qg,C,Qv,
cup,2016,4.30.16,LZ,SL,14:15,2 min,11,287,Qv-T,Rice,,M,NA,Qv,C,C,C,C,C,C,C,C,C,C,C,C,C,C,C,C,C,C,C,
cup,2016,4.30.16,LZ,SL,14:15,2 min,11,288,Qv-T,Rice,,F,NA,C,Qg,Qv,C,C,C,C,Qg,C,C,Qg,C,C,C,C,C,C,C,C,C,
cup,2016,4.30.16,LZ,SL,14:15,2 min,11,289,Qv-T,Rice,,M,NA,C,C,C,C,C,C,C,C,C,C,C,C,Qv,C,C,C,C,C,C,C,
cup,2016,4.30.16,LZ,SL,14:15,2 min,11,290,Qg,LL,,F,NA,C,C,C,C,C,C,C,C,C,C,C,C,C,C,C,C,C,C,C,C,
cup,2016,4.30.16,LZ,SL,14:15,2 min,11,291,Qv-T,Rice,,M,NA,C,Qg,Qg,C,Qv,Qg,Qg,Qg,Qg,Qg,Qg,Qg,Qg,Qg,Qg,Qg,Qg,C,Qg,C,
cup,2016,4.30.16,LZ,SL,14:15,2 min,11,292,Qv-T,Rice,,M,NA,C,Qv,C,C,C,C,C,C,C,C,C,Qv,C,C,C,C,C,Qg,C,C,
cup,2016,4.30.16,LZ,SL,14:15,2 min,11,293,Qv-T,Rice,,F,NA,C,C,C,C,C,C,C,C,C,C,Qv,C,C,C,C,C,C,C,Qv,C,
cup,2016,4.30.16,LZ,SL,14:15,2 min,11,294,Qv-T,Rice,,M,NA,C,C,C,C,Qg,C,C,C,C,C,C,C,C,C,C,C,C,C,C,C,
cup,2016,4.30.16,LZ,SL,14:15,2 min,11,295,Qv-T,Rice,,M,NA,C,C,C,C,C,C,C,C,Qv,C,C,C,C,C,C,C,C,C,C,C,
cup,2016,4.30.16,LZ,SL,14:15,2 min,11,297,Qv-T,Rice,,M,NA,C,C,C,Qg,C,C,C,C,C,C,C,C,C,C,C,C,C,C,C,C,
cup,2016,4.30.16,LZ,SL,14:15,2 min,11,298,Qv-T,Rice,,F,NA,C,C,C,C,C,C,C,C,C,C,C,C,C,C,C,C,C,C,C,C,
cup,2016,4.30.16,LZ,SL,14:15,2 min,11,299,Qv-T,Rice,,M,NA,C,C,C,C,C,C,C,C,C,C,C,C,C,C,C,C,C,C,C,C,
cup,2016,4.30.16,LZ,SL,14:15,2 min,11,300,Qv-T,Rice,,F,NA,Qg,C,C,C,C,C,C,C,C,C,C,C,C,C,C,Qg,C,C,C,C,
cup,2016,5.2.16,LZ,SL,15:00,2 min,12,301,Qv-T,Rice,,M,NA,C,C,C,C,Qg,C,C,C,Qv,C,C,C,C,C,C,C,C,C,C,C,
cup,2016,5.2.16,LZ,SL,15:00,2 min,12,302,Qg,LL,,F,NA,Qv,C,C,C,C,C,C,C,C,Qg,Qg,Qg,Qg,C,C,C,C,C,C,C,
cup,2016,5.2.16,LZ,SL,15:00,2 min,12,303,Qv-T,Rice,,F,NA,C,Qg,Qg,C,Qg,C,C,Qg,C,Qg,Qg,C,C,Qv,Qv,C,C,C,C,C,
cup,2016,5.2.16,LZ,SL,15:00,2 min,12,304,Qv-T,Rice,,F,NA,C,C,C,C,C,C,C,C,C,C,C,C,C,C,C,C,C,C,C,C,
cup,2016,5.2.16,LZ,SL,15:00,2 min,12,305,Qv-T,Rice,,M,NA,Qg,C,Qg,C,Qg,Qg,C,C,C,C,C,C,Qg,C,C,C,C,C,C,C,
cup,2016,5.2.16,LZ,SL,15:00,2 min,12,306,Qg,LL,,M,NA,Qv,Qv,Qv,Qv,Qv,Qv,Qv,Qv,Qv,Qv,Qv,Qv,Qv,Qv,Qv,Qv,Qv,Qv,Qv,Qv,
cup,2016,5.2.16,LZ,SL,15:00,2 min,12,307,Qv-T,Rice,,F,NA,C,C,C,C,Qg,Qg,Qg,C,C,C,C,Qv,Qv,Qv,Qv,Qg,C,C,Qv,Qv,
cup,2016,5.2.16,LZ,SL,15:00,2 min,12,308,Qv-T,Rice,,M,NA,Qv,C,C,C,Qv,C,C,C,C,C,C,Qv,C,C,C,C,C,C,C,C,
cup,2016,5.2.16,LZ,SL,15:00,2 min,12,309,Qg,LL,,F,NA,Qg,Qg,Qg,Qg,C,C,C,C,C,C,C,C,C,C,Qv,Qv,Qv,C,Qv,C,
cup,2016,5.2.16,LZ,SL,15:00,2 min,12,310,Qv-T,Rice,,M,NA,C,C,C,C,C,Qg,Qg,Qg,C,C,C,C,C,Qv,C,C,C,C,C,C,
cup,2016,5.2.16,LZ,SL,15:00,2 min,12,311,Qv-T,Rice,,F,NA,C,C,C,C,C,Qg,C,C,C,C,C,C,C,C,C,C,C,C,C,C,
cup,2016,5.2.16,LZ,SL,15:00,2 min,12,312,Qg,LL,,M,NA,C,C,C,C,C,C,C,C,C,C,C,C,C,C,C,C,C,C,C,C,
cup,2016,5.2.16,LZ,SL,15:00,2 min,12,313,Qv-T,Rice,,M,NA,C,C,C,C,C,C,C,C,C,C,C,C,C,C,C,C,C,C,C,C,
cup,2016,5.2.16,LZ,SL,15:00,2 min,12,314,Qv-T,Rice,,F,NA,Qv,C,C,C,Qg,Qg,Qg,C,Qv,Qv,Qv,Qv,Qv,C,Qv,C,C,Qv,Qg,Qv,
cup,2016,5.2.16,LZ,SL,15:00,2 min,12,315,Qv-T,Rice,,M,NA,C,C,C,C,Qg,Qg,C,C,C,C,C,C,C,Qv,Qg,C,C,C,Qv,C,
cup,2016,5.2.16,LZ,SL,15:00,2 min,12,316,Qv-T,Rice,,F,NA,C,Qv,Qg,Qg,Qg,Qg,C,Qv,Qv,C,C,Qv,Qv,C,C,C,C,C,C,C,
cup,2016,5.2.16,LZ,SL,15:00,2 min,12,317,Qg,LL,,M,NA,Qg,Qg,Qg,Qg,Qg,Qg,Qg,Qg,Qg,Qg,Qg,Qg,Qg,Qg,Qg,Qg,Qg,Qg,Qg,Qg,
cup,2016,5.2.16,LZ,SL,15:00,2 min,12,318,Qv-T,Rice,,M,NA,Qv,Qv,Qv,Qv,C,C,C,C,Qv,C,C,C,C,C,C,C,C,C,C,C,
cup,2016,5.2.16,LZ,SL,15:00,2 min,12,319,Qv-T,Rice,,F,NA,Qv,C,C,C,C,C,C,C,C,C,C,C,C,C,C,C,C,C,C,C,
cup,2016,5.2.16,LZ,SL,15:00,2 min,12,320,Qv-T,Rice,,M,NA,C,C,C,C,C,C,C,C,C,C,C,C,C,C,C,C,C,C,C,Qv,
cup,2016,5.2.16,LZ,SL,15:00,2 min,12,321,Qv-T,Rice,,F,NA,C,Qg,Qg,Qg,C,Qg,C,C,C,Qg,Qv,Qv,C,Qg,C,Qg,Qg,C,Qg,Qg,
cup,2016,5.2.16,LZ,SL,15:00,2 min,12,322,Qv-T,Rice,,M,NA,C,C,C,C,C,C,Qv,C,C,C,C,C,C,C,C,C,C,Qv,C,Qv,
cup,2016,5.2.16,LZ,SL,15:00,2 min,12,323,Qg,LL,,F,NA,Qg,Qv,Qg,Qg,C,Qg,Qg,Qg,C,Qg,C,Qg,C,C,C,C,Qg,C,C,Qg,
cup,2016,5.2.16,LZ,SL,15:00,2 min,12,324,Qg,LL,,M,NA,Qg,Qg,C,Qv,C,Qv,Qv,C,C,C,C,C,Qg,Qv,C,Qv,C,C,Qv,C,
cup,2016,5.2.16,LZ,SL,15:00,2 min,12,325,Qv-T,Rice,,M,NA,C,C,C,C,C,C,C,C,C,C,C,C,C,Qv,Qv,C,C,C,C,C,
cup,2016,5.2.16,LZ,SL,15:00,2 min,12,326,Qv-T,Rice,,F,NA,C,C,Qg,Qg,C,Qv,Qv,Qv,Qv,Qv,Qv,Qv,Qv,Qv,Qv,Qv,Qv,Qv,C,Qv,
cup,2016,5.2.16,LZ,SL,15:00,2 min,12,327,Qv-T,Rice,,F,NA,C,C,C,Qg,C,C,C,Qv,Qv,C,C,Qg,C,C,C,C,C,Qv,C,C,
cup,2016,5.2.16,LZ,SL,15:00,2 min,12,328,Qv-T,Rice,,M,NA,C,C,C,C,C,C,C,C,Qv,C,C,C,C,C,C,C,C,C,C,C,
cup,2016,5.2.16,LZ,SL,15:00,2 min,12,329,Qv-T,Rice,,M,NA,C,C,C,C,C,C,C,C,Qg,C,C,C,C,C,C,C,C,C,Qg,C,
cup,2016,5.2.16,LZ,SL,15:00,2 min,12,330,Qg,LL,,F,NA,C,Qv,Qv,C,Qv,Qv,Qv,Qv,C,C,C,C,C,C,C,C,C,C,C,C,
cup,2016,5.2.16,LZ,SL,15:00,2 min,12,331,Qv-T,Rice,,F,NA,Qv,Qv,Qg,C,Qv,Qv,C,Qv,C,Qg,Qg,Qv,C,C,Qg,C,Qg,C,C,Qg,
cup,2016,5.2.16,LZ,SL,15:00,2 min,12,332,Qv-T,Rice,,M,NA,Qv,Qv,Qv,Qg,Qv,Qg,Qg,C,C,Qv,Qv,Qv,Qv,Qg,Qg,Qg,Qg,Qg,Qg,Qg,
cup,2016,5.2.16,LZ,SL,15:00,2 min,12,333,Qv-T,Rice,,F,NA,Qg,Qg,C,C,C,C,C,Qg,C,C,C,C,C,C,Qg,C,Qv,Qv,C,C,
cup,2016,5.2.16,LZ,SL,15:00,2 min,12,334,Qv-T,Rice,,M,NA,C,C,C,C,C,C,C,C,C,C,C,C,C,C,C,C,C,C,C,C,
cup,2016,5.2.16,LZ,SL,15:00,2 min,12,335,Qv-T,Rice,,F,NA,Qg,Qg,C,C,Qv,C,C,Qv,C,C,Qv,C,Qg,C,C,C,C,C,C,C,
cup,2016,5.2.16,LZ,SL,15:00,2 min,12,336,Qv-T,Rice,,M,NA,C,C,C,C,C,C,C,C,C,C,C,C,C,C,C,C,C,C,C,C,
cup,2016,5.2.16,LZ,SL,15:00,2 min,12,337,Qv-T,Rice,,F,NA,C,C,C,C,C,C,C,C,C,C,C,C,C,C,C,C,C,C,C,C,
cup,2016,5.2.16,LZ,SL,15:00,2 min,12,338,Qv-T,Rice,,F,NA,Qg,Qg,Qg,Qg,Qg,Qg,Qg,Qg,Qg,Qg,Qg,Qg,Qg,Qg,Qg,Qg,Qg,Qg,Qg,Qg,
cup,2016,5.2.16,LZ,SL,15:00,2 min,12,339,Qv-T,Rice,,M,NA,C,C,C,C,C,C,C,C,C,C,C,C,C,C,C,C,C,C,C,C,
cup,2016,5.2.16,LZ,SL,15:00,2 min,12,340,Qv-T,Rice,,F,NA,C,C,C,C,C,C,C,C,C,C,C,C,C,C,C,C,C,C,C,C,
cup,2016,5.2.16,LZ,SL,15:00,2 min,12,341,Qv-T,Rice,,M,NA,Qg,Qg,C,C,Qg,Qg,Qg,Qg,Qg,Qg,Qg,Qg,Qg,Qg,Qg,C,C,C,C,C,
cup,2016,5.2.16,LZ,SL,15:00,2 min,12,342,Qv-T,Rice,,F,NA,Qg,C,Qg,C,Qg,Qg,C,C,C,Qg,Qv,Qg,C,Qg,Qv,Qg,Qg,C,Qg,Qv,
cup,2016,5.2.16,LZ,SL,15:00,2 min,12,343,Qv-T,Rice,,M,NA,C,C,C,C,C,C,C,C,C,C,C,C,C,C,Qg,C,C,C,C,C,
cup,2016,5.2.16,LZ,SL,15:00,2 min,12,344,Qv-T,Rice,,F,NA,C,Qg,C,C,Qg,Qg,C,Qv,Qg,C,C,C,C,C,C,Qg,Qv,C,C,C,
cup,2016,5.2.16,LZ,SL,15:00,2 min,12,345,Qv-T,Rice,,F,NA,Qg,Qg,Qg,Qg,Qg,Qv,C,Qv,Qg,C,C,C,Qg,Qv,C,Qg,C,C,C,C,
cup,2016,5.2.16,LZ,SL,15:00,2 min,12,346,Qv-T,Rice,,M,NA,C,C,C,C,C,C,C,C,C,C,C,C,C,C,Qg,C,C,C,C,C,
cup,2016,5.2.16,LZ,SL,15:00,2 min,12,347,Qv-T,Rice,,F,NA,C,Qg,C,C,C,C,C,C,C,C,Qg,C,C,C,C,Qg,C,C,C,C,
cup,2016,5.2.16,LZ,SL,15:00,2 min,12,348,Qv-T,Rice,,M,NA,C,C,C,C,C,C,C,C,C,C,C,C,C,C,C,C,C,C,C,C,
cup,2016,5.2.16,LZ,SL,15:00,2 min,12,349,Qv-T,Rice,,M,NA,Qg,Qg,Qg,Qg,Qg,Qg,Qg,Qg,Qg,Qg,Qg,Qg,Qg,Qg,C,Qg,Qg,Qg,Qg,Qg,
cup,2016,5.2.16,LZ,SL,15:00,2 min,12,350,Qv-T,Rice,,M,NA,C,C,Qg,Qv,Qv,C,C,C,Qv,C,Qv,C,C,C,Qg,C,C,Qg,C,C,
cup,2016,5.2.16,LZ,SL,15:00,2 min,12,351,Qv-T,Rice,,M,NA,C,C,C,C,C,C,C,C,C,C,C,C,C,C,C,C,C,C,C,C,
cup,2016,5.2.16,LZ,SL,15:00,2 min,12,352,Qv-T,Rice,,M,NA,C,C,C,C,C,C,C,C,C,C,C,C,C,C,C,C,C,C,C,C,
cup,2016,5.2.16,LZ,SL,15:00,2 min,12,353,Qv-T,Rice,,M,NA,C,C,C,C,C,C,C,C,C,Qv,C,Qv,C,C,C,Qv,C,C,Qv,C,
cup,2016,5.2.16,LZ,SL,15:00,2 min,12,354,Qv-T,Rice,,M,NA,C,C,C,C,C,C,C,C,C,C,C,C,C,C,C,C,C,C,C,C,
cup,2016,5.2.16,LZ,SL,15:00,2 min,12,355,Qv-T,Rice,,M,NA,C,C,Qg,Qv,Qv,C,C,Qv,C,C,C,C,C,C,C,Qg,Qv,C,C,Qv,
cup,2016,5.2.16,LZ,SL,15:00,2 min,12,356,Qv-T,Rice,,M,NA,Qv,Qv,Qv,Qv,Qv,Qv,C,Qv,Qv,Qv,Qv,Qv,Qv,Qv,Qv,Qv,Qv,Qv,Qv,Qv,
cup,2016,5.2.16,LZ,SL,15:00,2 min,12,357,Qv-T,Rice,,M,NA,C,C,Qv,Qg,Qg,Qg,Qg,Qg,Qg,Qg,Qg,Qg,Qg,Qg,Qg,Qg,Qg,Qg,Qg,Qg,
cup,2016,5.2.16,LZ,SL,15:00,2 min,12,358,Qv-T,Rice,,M,NA,C,C,C,C,C,C,C,C,C,C,C,C,C,C,C,C,C,C,C,Qg,
cup,2016,5.2.16,LZ,SL,15:00,2 min,12,359,Qv-T,Rice,,M,NA,C,Qg,C,C,C,C,C,C,Qv,Qg,Qv,C,C,C,C,C,Qv,C,Qv,Qv,
cup,2016,5.2.16,LZ,SL,15:00,2 min,12,360,Qv-T,Rice,,M,NA,Qv,Qv,Qv,Qv,C,Qv,Qv,Qv,Qv,Qv,C,C,C,C,C,C,C,C,C,Qg,
cup,2016,5.2.16,LZ,SL,15:00,2 min,12,361,Qv-T,Rice,,M,NA,C,C,C,C,C,C,C,C,C,C,C,C,C,C,C,C,C,C,C,Qg,
cup,2016,5.2.16,LZ,SL,15:00,2 min,12,362,Qv-T,Rice,,M,NA,Qg,C,Qv,C,Qg,C,C,C,C,Qv,C,C,C,Qv,Qg,Qv,C,Qv,C,C,
cup,2016,5.2.16,LZ,SL,15:00,2 min,12,363,Qv-T,Rice,,F,NA,Qg,Qg,C,Qg,Qg,C,C,Qg,Qg,Qg,C,Qg,Qg,Qg,C,Qg,C,C,Qg,Qg,
cup,2016,5.2.16,LZ,SL,15:00,2 min,12,364,Qv-T,Rice,,M,NA,Qg,C,Qg,Qg,C,Qg,C,Qg,Qg,Qv,Qg,Qg,C,C,Qv,Qv,C,C,Qg,C,
cup,2016,5.3.16,LZ,SL,15:00,2 min,12,365,Qv-T,Rice,T4G24,F,NA,C,C,C,C,C,C,C,C,C,C,C,C,C,C,C,C,C,C,C,C,
cup,2016,5.3.16,LZ,SL,15:00,2 min,12,366,Qv-T,Rice,T4G16,M,NA,C,C,C,C,C,C,C,C,C,C,C,C,C,C,C,C,C,C,C,C,
cup,2016,5.3.16,LZ,SL,15:00,2 min,12,367,Qv-T,Rice,T4G16,F,NA,C,C,C,C,C,C,C,C,C,C,C,C,C,C,C,C,C,C,C,C,
cup,2016,5.3.16,LZ,SL,,2 min,13,368,Qv-T,Rice,,M,NA,C,Qg,C,C,Qv,Qv,Qv,C,C,Qv,C,Qv,Qv,C,C,C,Qg,C,Qv,C,
cup,2016,5.3.16,LZ/GAD,SL,,2 min,13,369,Qg,LL,19,F,NA,Qg,Qg,Qg,C,Qg,Qg,Qg,Qg,Qg,Qg,C,C,C,C,Qg,Qg,Qg,C,Qg,Qg,
cup,2016,5.3.16,LZ/GAD,SL,,2 min,13,370,Qv-T,Rice,T4G12,F,NA,C,Qg,C,Qv,C,C,C,C,Qv,C,C,Qg,C,Qv,C,Qg,C,Qg,C,C,
cup,2016,5.3.16,LZ/GAD,SL,,2 min,13,371,Qv-T,Rice,,M,NA,C,Qv,C,Qg,C,Qg,Qg,C,C,Qg,C,C,C,C,C,Qv,Qv,Qv,C,C,
cup,2016,5.3.16,LZ/GAD,SL,,2 min,13,372,Qv-T,Rice,,M,NA,C,C,C,C,C,C,C,Qv,C,C,C,C,C,C,C,C,C,C,C,C,
cup,2016,5.3.16,LZ/GAD,SL,,2 min,13,373,Qv-T,Rice,TIP3G5,F,NA,C,C,C,Qv,Qg,Qg,C,Qv,C,Qg,C,Qg,Qg,Qg,Qv,Qg,Qg,Qg,Qg,Qg,
cup,2016,5.3.16,LZ/GAD,SL,,2 min,13,374,Qv-T,Rice,,M,NA,C,Qv,Qv,Qv,C,C,C,Qv,C,C,C,C,C,C,Qv,C,C,C,Qg,C,
cup,2016,5.3.16,LZ/GAD,SL,,2 min,13,375,Qv-T,Rice,T4G55,F,NA,C,C,C,C,C,Qg,C,C,C,C,C,C,C,C,C,C,C,C,C,C,
cup,2016,5.3.16,LZ/GAD,SL,,2 min,13,376,Qg,LL,24,F,NA,Qv,Qv,Qv,Qv,Qv,Qv,C,C,Qg,C,C,Qv,C,C,C,Qv,Qv,C,Qv,Qv,
cup,2016,5.3.16,LZ/GAD,SL,,2 min,13,377,Qv-T,Rice,,M,NA,C,C,C,Qg,Qg,Qg,C,C,Qg,Qg,Qg,Qg,Qg,Qg,Qg,Qg,Qg,Qg,Qg,Qg,
cup,2016,5.3.16,LZ/GAD,SL,,2 min,13,378,Qv-T,Rice,TIP3G5,F,NA,C,Qv,C,C,Qv,Qv,Qg,Qg,Qg,Qv,Qv,C,C,C,Qv,Qg,Qv,Qv,C,C,
cup,2016,5.3.16,LZ/GAD,SL,,2 min,13,379,Qv-T,Rice,TIP1G59,M,NA,C,C,C,C,C,C,C,C,C,C,C,C,C,C,C,C,C,C,C,C,
cup,2016,5.3.16,LZ/GAD,SL,,2 min,13,380,Qg,LL,25,M,NA,C,C,C,C,C,C,C,C,C,C,C,C,C,C,C,C,C,C,C,C,
cup,2016,5.3.16,LZ/GAD,SL,,2 min,13,381,Qv-T,Rice,TIP4G45,F,NA,C,C,C,C,C,C,C,C,C,C,C,C,C,C,C,C,C,C,C,C,
cup,2016,5.3.16,LZ/GAD,SL,,2 min,13,382,Qv-T,Rice,TIPG31,M,NA,C,C,C,C,Qv,C,Qg,C,C,Qv,C,C,C,C,C,C,C,C,C,C,
cup,2016,5.3.16,LZ/GAD,SL,,2 min,13,383,Qv-T,Rice,TIP3G5,F,NA,Qg,C,C,C,C,C,Qv,C,Qv,C,C,C,Qv,Qv,C,C,Qv,Qv,C,C,
cup,2016,5.3.16,LZ/GAD,SL,,2 min,13,384,Qv-T,Rice,G1,M,NA,C,C,C,C,C,C,C,C,C,C,C,C,C,C,C,C,C,C,C,C,
cup,2016,5.3.16,GAD,SL,,2 min,14,385,Qg,LL,24,F,NA,Qg,C,C,Qv,Qg,Qg,Qg,Qg,C,Qg,Qg,C,Qg,Qg,C,C,C,C,C,C,
cup,2016,5.3.16,GAD,SL,,2 min,14,386,Qv-T,Rice,,M,NA,C,C,Qg,Qg,Qg,Qv,Qv,Qg,C,Qg,C,Qv,Qv,Qv,Qv,C,C,C,C,C,
cup,2016,5.3.16,GAD,SL,,2 min,14,387,Qv-T,Rice,P4G45,F,NA,Qv,Qv,C,Qg,C,C,C,C,C,C,C,C,C,C,C,C,C,C,C,C,
cup,2016,5.3.16,GAD,SL,,2 min,14,388,Qv-T,Rice,,M,NA,C,C,Qv,C,Qv,C,C,C,C,C,C,C,C,C,C,C,C,C,C,C,
cup,2016,5.3.16,GAD,SL,,2 min,14,389,Qv-T,Rice,,M,NA,C,C,C,Qv,C,Qv,Qg,C,Qv,Qv,Qv,C,C,Qv,Qv,Qv,Qv,Qv,Qv,Qv,
cup,2016,5.3.16,GAD,SL,,2 min,14,390,Qv-T,Rice,T4G16,F,NA,C,C,C,C,C,C,C,C,Qv,Qv,C,C,C,C,C,C,C,C,C,C,
cup,2016,5.3.16,GAD,SL,,2 min,14,391,Qv-T,Rice,,M,NA,C,C,C,Qg,C,Qv,C,Qv,C,C,Qv,Qv,C,Qv,Qv,Qv,Qv,Qv,Qv,C,
cup,2016,5.3.16,GAD,SL,,2 min,14,392,Qg,LL,13,M,NA,C,C,C,C,C,C,C,C,C,C,C,C,C,C,C,C,C,C,Qv,Qv,
cup,2016,5.3.16,GAD,SL,,2 min,14,393,Qv-T,Rice,,M,NA,C,C,C,C,C,C,C,C,C,C,C,C,C,C,C,C,C,C,C,C,
cup,2016,5.3.16,GAD,SL,,2 min,14,394,Qv-T,Rice,,M,NA,C,C,C,Qv,C,C,C,C,C,C,Qv,Qv,C,C,C,C,C,Qg,C,C,
cup,2016,5.3.16,GAD,SL,,2 min,14,395,Qv-T,Rice,,M,NA,C,C,C,C,C,C,C,C,C,C,C,C,C,C,C,C,C,C,C,C,
cup,2016,5.3.16,GAD,SL,,2 min,14,396,Qv-T,Rice,T4G34,F,NA,Qv,C,Qv,C,C,C,C,C,C,C,C,C,C,C,Qv,C,C,C,C,Qv,
cup,2016,5.3.16,GAD,SL,,2 min,14,397,Qv-T,Rice,,M,NA,C,Qv,C,C,Qv,C,C,Qv,Qv,C,C,C,C,C,C,C,C,C,C,C,
cup,2016,5.3.16,GAD,SL,,2 min,14,398,Qv-T,Rice,P3G41,F,NA,Qv,Qv,C,Qv,Qv,Qv,Qv,Qv,Qv,Qv,Qv,Qv,Qv,Qv,Qv,Qv,Qv,C,C,Qv,
cup,2016,5.3.16,GAD,SL,,2 min,14,399,Qv-T,Rice,,M,NA,Qv,Qv,Qv,Qv,Qv,Qv,Qv,Qv,Qv,C,Qv,Qv,Qv,Qv,Qv,Qv,Qv,Qv,Qv,Qv,
cup,2016,5.3.16,GAD,SL,,2 min,14,400,Qv-T,Rice,P1G24,F,NA,C,Qg,Qv,C,C,C,Qv,Qv,C,C,C,C,C,C,C,C,C,C,C,C,
cup,2016,5.3.16,GAD,SL,,2 min,14,401,Qv-T,Rice,,M,NA,C,Qg,C,C,C,C,C,C,C,C,C,C,C,C,Qv,C,C,C,C,C,
cup,2016,5.3.16,GAD,SL,,2 min,14,402,Qg,LL,26,F,NA,C,C,C,C,C,C,C,C,C,C,C,C,C,C,Qv,C,C,Qv,C,C,
cup,2016,5.3.16,GAD,SL,,2 min,14,403,Qv-T,Rice,,M,NA,C,Qv,Qv,Qv,C,C,C,C,C,C,Qv,Qv,Qv,Qv,Qv,Qv,Qv,Qv,Qv,Qv,
cup,2016,5.3.16,GAD,SL,,2 min,14,404,Qv-T,Rice,P4G45,F,NA,C,C,C,C,C,C,C,C,C,C,C,C,C,C,C,C,C,C,C,C,
cup,2016,5.4.16,LZ/GAD,SL,,2 min,15,405,Qv-T,Rice,P1659,M,NA,C,C,C,C,C,C,C,C,C,C,C,C,C,C,C,C,C,C,C,C,
cup,2016,5.4.16,LZ/GAD,SL,,2 min,15,406,Qv-T,Rice,P365,F,NA,C,Qg,C,Qv,C,C,C,C,C,Qv,Qv,Qv,Qv,C,C,C,Qg,C,C,C,
cup,2016,5.4.16,LZ/GAD,SL,,2 min,15,407,Qv-T,Rice,63,M,NA,C,C,C,C,C,C,C,C,C,C,C,C,C,C,C,C,C,C,C,C,
cup,2016,5.4.16,LZ/GAD,SL,,2 min,15,408,Qv-T,Rice,T4G64,M,NA,Qg,Qg,C,C,Qv,Qv,C,Qv,C,C,C,C,C,C,Qv,C,Qg,Qv,Qv,Qv,
cup,2016,5.4.16,LZ/GAD,SL,,2 min,15,409,Qv-T,Rice,P3G28,M,NA,C,C,C,C,Qg,C,C,C,C,C,C,Qv,C,C,C,Qv,C,Qg,C,C,
cup,2016,5.4.16,LZ/GAD,SL,,2 min,15,410,Qv-T,Rice,G14,M,NA,C,C,C,C,C,C,C,C,C,Qg,Qg,Qg,Qg,Qg,C,C,C,C,Qg,C,
cup,2016,5.4.16,LZ/GAD,SL,,2 min,15,411,Qv-T,Rice,P3G28,M,NA,C,C,C,C,C,C,C,C,C,C,C,C,C,C,C,C,C,C,C,C,
cup,2016,5.4.16,LZ/GAD,SL,,2 min,15,412,Qv-T,Rice,P3G28,M,NA,C,C,C,C,C,C,C,C,C,C,C,C,C,C,C,C,C,C,C,C,
cup,2016,5.4.16,LZ/GAD,SL,,2 min,15,413,Qv-T,Rice,P0365,F,NA,Qg,C,Qv,C,Qg,C,Qg,Qv,C,Qg,C,C,Qg,C,Qv,Qg,Qg,C,C,C,
cup,2016,5.4.16,LZ/GAD,SL,,2 min,15,414,Qv-T,Rice,T4G64,M,NA,Qv,Qv,C,C,C,C,C,C,C,C,C,Qg,Qv,Qv,Qv,Qv,Qv,Qv,C,C,
cup,2016,5.4.16,LZ/GAD,SL,,2 min,15,415,Qv-T,Rice,P4G4,M,NA,C,C,C,Qg,Qg,C,C,C,C,C,C,C,C,Qg,C,C,C,C,C,C,
cup,2016,5.4.16,LZ/GAD,SL,,2 min,15,416,Qv-T,Rice,P4G34,M,NA,C,C,C,C,C,C,C,C,C,C,C,C,C,C,C,C,C,C,C,C,
cup,2016,5.4.16,LZ/GAD,SL,,2 min,15,417,Qv-T,Rice,T4G22,M,NA,C,C,C,C,C,Qg,C,C,C,C,Qg,Qg,Qg,Qg,C,Qg,Qg,C,C,C,
cup,2016,5.4.16,LZ/GAD,SL,,2 min,15,418,Qv-T,Rice,P4G4,M,NA,C,C,C,C,C,C,C,C,C,C,C,C,C,C,C,C,C,C,C,C,
cup,2016,5.4.16,LZ/GAD,SL,,2 min,15,419,Qv-T,Rice,P1G68,M,NA,Qg,C,C,C,C,C,C,C,C,C,C,C,C,C,C,C,C,C,Qg,C,
cup,2016,5.4.16,LZ/GAD,SL,,2 min,15,420,Qv-T,Rice,G3,M,NA,C,Qg,Qg,Qg,Qv,Qv,Qv,Qv,Qv,Qv,C,Qg,Qg,Qg,Qg,Qg,Qg,Qg,Qg,Qg,
cup,2016,5.4.16,LZ/GAD,SL,,2 min,15,421,Qv-T,Rice,G3,M,NA,C,C,C,C,C,C,C,C,C,C,C,C,C,C,C,C,C,C,C,C,
cup,2016,5.4.16,LZ/GAD,SL,,2 min,15,422,Qv-T,Rice,T4G34,M,NA,C,C,C,C,C,C,C,C,C,C,C,C,Qv,Qv,Qv,C,C,C,C,C,
cup,2016,5.4.16,LZ/GAD,SL,,2 min,15,423,Qv-T,Rice,G1,M,NA,C,C,C,C,C,C,C,C,C,C,C,C,C,C,C,C,C,C,C,C,
cup,2016,5.4.16,LZ/GAD,SL,,2 min,15,424,Qv-T,Rice,G14,M,NA,C,C,C,C,C,C,C,C,C,C,C,C,C,C,C,C,C,C,C,C,
cup,2016,5.4.16,LZ/GAD,SL,,2 min,15,425,Qv-T,Rice,G1,M,NA,C,C,C,C,C,C,C,C,C,C,C,C,C,C,C,C,C,C,C,C,
cup,2016,5.4.16,LZ/GAD,SL,,2 min,15,426,Qv-T,Rice,G14,M,NA,C,C,C,C,C,C,C,C,C,C,C,C,C,C,C,C,C,C,C,C,
cup,2016,5.4.16,LZ/GAD,SL,,2 min,15,427,Qv-T,Rice,T4G10,M,NA,C,C,C,C,C,C,Qv,C,C,C,C,C,C,C,C,C,C,C,C,C,
cup,2016,5.4.16,LZ/GAD,SL,,2 min,15,428,Qv-T,Rice,G1,M,NA,C,C,C,C,C,C,C,C,C,C,C,C,C,C,C,C,C,C,C,C,
cup,2016,5.4.16,LZ/GAD,SL,,2 min,15,429,Qv-T,Rice,T3G5,F,NA,C,C,C,C,C,C,C,C,C,C,C,Qv,Qg,C,Qv,C,C,C,C,C,
cup,2016,5.4.16,LZ/GAD,SL,,2 min,15,430,Qv-T,Rice,G14,M,NA,C,C,C,C,C,C,C,C,C,C,C,C,C,C,Qg,C,C,C,C,C,
cup,2016,5.4.16,LZ/GAD,SL,,2 min,15,431,Qv-T,Rice,T4G21,M,NA,C,C,C,C,C,C,C,C,C,C,C,Qg,C,C,C,C,C,C,C,C,
cup,2016,5.4.16,LZ/GAD,SL,,2 min,15,432,Qv-T,Rice,G3,M,NA,C,C,C,C,C,C,C,C,C,C,C,C,C,C,C,C,C,C,C,C,
cup,2016,5.4.16,LZ/GAD,SL,,2 min,15,433,Qv-T,Rice,G1,M,NA,Qg,Qv,Qv,C,Qg,C,C,Qg,C,Qg,Qv,Qv,C,Qv,C,Qv,C,C,C,Qv,
cup,2016,5.4.16,LZ/GAD,SL,,2 min,15,434,Qv-T,Rice,G3,M,NA,C,C,C,C,C,C,C,C,C,C,C,C,C,C,C,C,C,C,C,C,
cup,2016,5.4.16,LZ/GAD,SL,,2 min,15,435,Qv-T,Rice,G3,M,NA,C,C,C,C,C,C,C,C,C,C,C,C,C,C,C,Qv,Qv,Qv,Qv,Qv,
cup,2016,5.6.16,LZ,SL,10:55,2 min,16,436,Qv-T,Rice,63,M,NA,C,C,C,C,C,C,C,C,C,C,C,Qg,C,C,C,C,C,C,C,C,
cup,2016,5.6.16,LZ,SL,10:55,2 min,16,437,Qv-T,Rice,G17,F,NA,C,C,C,C,C,Qg,C,C,C,C,C,C,C,C,C,Qg,Qg,C,C,C,
cup,2016,5.6.16,LZ,SL,10:55,2 min,16,438,Qv-T,Rice,TIP3G7,M,NA,Qv,Qv,Qv,Qv,Qv,Qv,Qv,Qv,Qv,Qv,Qv,Qv,Qv,Qv,C,C,C,Qg,Qv,C,
cup,2016,5.6.16,LZ,SL,10:55,2 min,16,439,Qv-T,Rice,63,M,NA,Qv,C,C,C,C,C,C,C,C,C,C,C,C,C,C,C,C,C,C,C,
cup,2016,5.6.16,LZ,SL,10:55,2 min,16,440,Qv-T,Rice,T4G55,F,NA,C,C,C,C,C,C,C,C,C,C,C,C,C,C,C,C,C,C,C,C,
cup,2016,5.6.16,LZ,SL,10:55,2 min,16,441,Qv-T,Rice,63,M,NA,Qv,Qv,Qv,Qv,Qv,Qv,Qv,C,C,C,C,C,C,C,C,C,C,C,C,C,
cup,2016,5.6.16,LZ,SL,10:55,2 min,16,442,Qv-T,Rice,TIP1G24,F,NA,C,C,Qv,Qv,C,C,C,C,C,C,C,Qg,Qv,Qv,C,Qg,C,C,C,Qg,
cup,2016,5.6.16,LZ,SL,10:55,2 min,16,443,Qv-T,Rice,TIP3G5,F,NA,Qg,C,C,C,C,C,Qv,C,C,C,Qv,C,Qv,Qg,C,C,C,C,Qg,Qg,
cup,2016,5.6.16,LZ,SL,10:55,2 min,16,444,Qv-T,Rice,T4G55,F,NA,C,C,C,C,C,C,C,C,C,C,C,C,C,C,C,C,C,C,C,C,
cup,2016,5.6.16,LZ,SL,10:55,2 min,16,445,Qv-T,Rice,G17,F,NA,C,C,C,C,C,C,C,Qv,C,C,C,C,C,C,C,C,C,C,C,C,
cup,2016,5.6.16,LZ,SL,10:55,2 min,16,446,Qv-T,Rice,T4G10,M,NA,C,C,C,C,C,C,C,C,C,C,C,C,C,C,C,C,C,Qv,Qg,C,
cup,2016,5.6.16,LZ,SL,10:55,2 min,16,447,Qv-T,Rice,T4G55,F,NA,C,C,C,C,C,C,C,C,C,C,C,C,C,C,C,C,C,C,C,C,
cup,2016,5.6.16,LZ,SL,10:55,2 min,16,448,Qv-T,Rice,63,M,NA,C,C,C,C,C,C,C,C,C,C,C,C,C,C,C,C,C,Qv,Qg,C,
cup,2016,5.6.16,LZ,SL,10:55,2 min,16,449,Qv-T,Rice,63,M,NA,C,C,C,C,C,C,C,C,C,C,C,C,C,C,C,C,C,C,C,C,
cup,2016,5.6.16,LZ,SL,10:55,2 min,16,450,Qv-T,Rice,TIP3G5,F,NA,Qv,Qv,Qv,Qv,C,C,Qg,C,C,C,C,Qv,C,C,C,C,C,C,Qv,C,
cup,2016,5.6.16,LZ,SL,10:55,2 min,16,451,Qv-T,Rice,T4G55,F,NA,C,C,C,C,Qv,Qg,Qg,Qg,Qg,Qg,Qg,Qg,Qg,Qg,Qg,Qg,Qg,Qg,Qg,Qg,
cup,2016,5.6.16,LZ,SL,10:55,2 min,16,452,Qv-T,Rice,G17,F,NA,C,C,C,C,C,C,Qg,Qv,C,Qv,C,C,C,C,C,C,C,C,C,C,
cup,2016,5.6.16,LZ,SL,10:55,2 min,16,453,Qv-T,Rice,63,F,NA,C,C,C,C,C,C,C,C,C,C,C,C,C,C,Qv,C,C,C,C,C,
cup,2016,5.6.16,LZ,SL,10:55,2 min,16,454,Qv-T,Rice,63,M,NA,C,C,C,C,C,C,C,C,C,C,C,C,C,C,C,C,C,C,C,C,
cup,2016,5.6.16,LZ,SL,10:55,2 min,16,455,Qv-T,Rice,63,F,NA,C,C,C,C,C,C,C,C,C,C,C,C,C,C,C,C,C,C,C,C,
cup,2016,5.6.16,LZ,SL,10:55,2 min,16,456,Qv-T,Rice,63,M,NA,C,C,C,C,C,C,C,C,C,C,C,C,C,C,C,C,C,C,C,C,
cup,2016,5.6.16,LZ,SL,10:55,2 min,16,457,Qv-T,Rice,TIP3G5,F,NA,C,C,C,C,C,C,Qg,C,C,C,C,C,C,C,C,Qv,Qg,C,C,Qv,
cup,2016,5.6.16,LZ,SL,10:55,2 min,16,458,Qv-T,Rice,G17,F,NA,C,C,C,C,C,C,C,C,C,C,C,C,C,C,C,C,C,C,C,C,
cup,2016,5.6.16,LZ,SL,10:55,2 min,16,459,Qv-T,Rice,G17,F,NA,C,C,C,C,C,C,C,C,C,C,C,C,C,C,C,C,C,C,C,C,
cup,2016,5.6.16,LZ,SL,10:55,2 min,16,460,Qv-T,Rice,G17,F,NA,C,C,C,C,C,C,C,Qv,C,C,Qv,C,C,Qv,C,C,C,C,C,Qg,
cup,2016,5.6.16,LZ,SL,10:55,2 min,16,461,Qv-T,Rice,G14,M,NA,C,Qv,C,C,C,C,C,C,C,C,Qg,C,C,C,C,C,C,C,Qv,C,
cup,2016,5.6.16,LZ,SL,10:55,2 min,16,462,Qv-T,Rice,T1P4G11,M,NA,C,C,C,C,C,C,C,C,C,C,C,C,C,C,C,C,C,C,C,C,
cup,2017,4.21.17,LZ,LZ,11:38,2 min,1,17-1,Qg,ABS,,F,NA,C,C,C,C,C,C,C,Qv,C,C,C,C,Qg,C,C,C,C,C,C,NA,
cup,2017,4.21.17,LZ,LZ,11:38,2 min,1,17-2,Qg,DCK,,M,NA,C,C,C,C,C,C,C,C,C,C,C,C,C,C,C,C,C,C,C,NA,
cup,2017,4.21.17,LZ,LZ,11:38,2 min,1,17-3,Qg,ABS,,F,NA,C,C,Qg,C,C,C,C,C,C,Qg,C,C,C,C,C,C,C,C,C,NA,
cup,2017,4.21.17,LZ,LZ,11:38,2 min,1,17-4,Qg,ABS,,F,NA,C,Qg,C,C,C,C,Qv,Qv,Qv,Qv,Qv,Qv,Qv,Qv,Qv,Qv,Qv,Qg,Qg,NA,
cup,2017,4.21.17,LZ,LZ,11:38,2 min,1,17-5,Qg,DCK,,F,NA,C,C,C,C,C,C,C,C,C,C,C,C,C,C,C,C,C,C,C,NA,
cup,2017,4.21.17,LZ,LZ,11:38,2 min,1,17-6,Qg,ABS,,F,NA,Qv,C,C,Qv,C,C,C,C,C,C,C,C,C,C,C,C,C,C,C,NA,
cup,2017,4.21.17,LZ,LZ,11:38,2 min,1,17-7,Qg,ABS,,M,NA,C,C,C,C,C,C,C,C,C,C,C,C,C,C,C,C,C,C,C,NA,
cup,2017,4.21.17,LZ,LZ,11:38,2 min,1,17-8,Qg,ABS,,F,NA,C,C,C,C,Qv,C,C,C,C,C,C,C,C,C,C,C,C,C,C,NA,
cup,2017,4.21.17,LZ,LZ,11:38,2 min,1,17-9,Qg,ABS,,F,NA,C,C,C,C,C,C,C,C,C,C,C,C,C,C,C,C,C,C,C,NA,
cup,2017,4.21.17,LZ,LZ,11:38,2 min,1,17-10,Qg,ABS,,F,NA,C,C,C,C,C,C,C,C,C,C,C,C,C,C,C,C,C,C,C,NA,
cup,2017,4.21.17,LZ,LZ,11:38,2 min,1,17-11,Qg,ABS,,F,NA,C,C,C,C,C,C,C,Qv,C,C,C,C,C,C,C,C,Qg,C,C,NA,
cup,2017,4.21.17,LZ,LZ,11:38,2 min,1,17-12,Qg,ABS,,F,NA,C,C,C,C,C,Qg,C,C,Qg,Qg,C,C,C,C,C,C,C,C,C,NA,
cup,2017,4.21.17,LZ,LZ,11:38,2 min,1,17-13,Qg,ABS,,F,NA,C,C,C,C,C,C,C,C,C,C,C,C,C,C,C,C,C,C,C,NA,
cup,2017,4.21.17,LZ,LZ,11:38,2 min,1,17-15,Qg,ABS,,F,NA,C,C,C,C,C,C,C,C,C,C,C,C,C,C,C,C,C,C,C,NA,
cup,2017,4.21.17,LZ,LZ,11:38,2 min,1,17-16,Qg,ABS,,F,NA,C,C,C,C,C,C,C,C,C,C,C,C,C,C,C,C,C,C,C,NA,
cup,2017,4.21.17,LZ,LZ,11:38,2 min,1,17-17,Qg,ABS,,F,NA,C,C,C,C,C,C,C,C,C,C,C,C,C,C,C,C,C,C,C,NA,
cup,2017,4.21.17,LZ,LZ,11:38,2 min,1,17-18,Qg,ABS,,F,NA,C,C,C,C,C,C,C,C,C,C,C,C,C,C,C,C,C,C,C,NA,
cup,2017,4.21.17,LZ,LZ,11:38,2 min,1,17-19,Qg,ABS,,F,NA,C,C,C,C,C,C,C,C,C,C,C,C,C,C,C,C,C,C,C,NA,
cup,2017,4.21.17,LZ,LZ,11:38,2 min,1,17-21,Qg,ABS,,F,NA,C,C,C,C,C,C,C,C,C,C,C,C,C,C,C,C,C,C,C,NA,
cup,2017,4.21.17,LZ,LZ,11:38,2 min,1,17-22,Qg,ABS,,F,NA,C,C,C,C,C,C,C,Qv,C,C,C,C,Qv,C,C,C,C,C,C,NA,
cup,2017,4.21.17,LZ,LZ,11:38,2 min,1,17-23,Qg,ABS,,F,NA,C,Qg,Qg,C,Qv,Qg,C,C,Qv,Qg,C,Qv,Qg,Qg,Qv,C,Qg,C,C,NA,
cup,2017,4.21.17,LZ,LZ,11:38,2 min,1,17-24,Qg,ABS,,F,NA,C,C,C,C,Qv,Qg,Qg,Qg,Qg,Qg,Qg,Qg,Qg,Qg,Qg,Qg,Qg,Qg,C,NA,
cup,2017,4.21.17,LZ,LZ,11:38,2 min,1,17-25,Qg,ABS,,F,NA,Qg,C,C,C,C,C,C,C,C,C,C,C,C,C,C,C,C,C,C,NA,
cup,2017,4.21.17,LZ,LZ,11:38,2 min,1,17-26,Qg,ABS,,F,NA,C,C,C,C,C,C,C,C,C,C,C,C,C,C,C,C,C,C,C,NA,
cup,2017,4.21.17,LZ,LZ,11:38,2 min,1,17-27,Qg,ABS,,F,NA,C,Qv,C,C,C,C,C,C,C,C,C,C,C,C,C,C,C,C,C,NA,
cup,2017,4.21.17,LZ,LZ,11:38,2 min,1,17-29,Qg,ABS,,M,NA,C,C,C,C,C,C,C,C,C,C,C,C,C,C,C,C,C,C,C,NA,
cup,2017,4.23.17,LZ,LZ,11:54,2min,2,17-31,Qg,ABS,,M,NA,Qg,Qg,C,C,C,C,Qv,C,C,Qg,Qg,Qg,Qv,Qg,C,C,C,Qv,C,C,
cup,2017,4.23.17,LZ,LZ,11:54,2min,2,17-32,Qg,ABS,26,F,NA,Qv,Qv,Qv,Qv,Qv,Qv,Qv,Qv,Qv,Qv,Qv,Qv,Qv,Qv,C,Qv,Qv,Qv,Qv,Qv,
cup,2017,4.23.17,LZ,LZ,11:54,2min,2,17-33,Qv-T,Rice,,F,NA,C,C,C,C,C,C,C,C,C,C,C,C,C,C,C,C,C,C,C,C,
cup,2017,4.23.17,LZ,LZ,11:54,2min,2,17-34,Qv-T,Rice,,F,NA,Qg,Qv,Qv,Qv,C,C,C,Qv,Qv,Qv,Qv,Qv,Qv,Qg,C,Qg,Qg,Qg,Qv,C,
cup,2017,4.23.17,LZ,LZ,11:54,2min,2,17-35,Qv-T,Rice,,M,NA,Qg,Qg,Qg,Qg,Qg,Qg,Qg,Qg,Qg,Qg,Qg,Qg,Qg,Qg,Qg,Qg,Qg,Qg,Qg,Qg,
cup,2017,4.23.17,LZ,LZ,11:54,2min,2,17-36,Qg,ABS,27,F,NA,Qg,Qg,C,Qg,Qg,Qg,Qg,Qg,Qg,Qv,Qv,Qv,Qg,Qg,Qg,Qg,Qg,C,C,Qv,
cup,2017,4.23.17,LZ,LZ,11:54,2min,2,17-37,Qg,DCK,,F,NA,Qg,Qg,Qg,Qg,Qg,Qg,Qg,Qg,Qg,Qg,Qg,C,C,C,C,C,C,Qg,Qg,Qg,
cup,2017,4.23.17,LZ,LZ,11:54,2min,2,17-38,Qg,DCK,,M,NA,C,C,C,C,C,C,C,C,C,C,C,C,C,C,C,C,C,C,C,C,
cup,2017,4.23.17,LZ,LZ,11:54,2min,2,17-39,Qg,ABS,24,F,NA,Qv,Qv,Qv,Qv,Qv,Qv,Qv,Qv,Qv,Qv,Qv,Qv,Qv,Qv,Qv,Qv,Qv,C,Qv,Qv,
cup,2017,4.23.17,LZ,LZ,11:54,2min,2,17-40,Qg,DCK,88,F,NA,C,C,Qv,Qg,Qv,C,Qg,C,Qv,Qv,C,C,C,C,C,Qg,Qv,Qv,Qv,Qv,
cup,2017,4.23.17,LZ,LZ,11:54,2min,2,17-41,Qg,DCK,,M,NA,Qv,Qv,Qv,Qg,Qg,Qg,Qg,Qg,Qg,C,C,C,Qg,C,C,C,C,C,C,C,
cup,2017,4.23.17,LZ,LZ,11:54,2min,2,17-42,Qg,ABS,24,F,NA,Qv,Qv,Qv,Qv,Qv,Qg,Qg,Qg,Qv,Qv,Qv,Qg,Qg,Qg,Qg,Qg,Qg,Qg,Qg,Qg,
cup,2017,4.23.17,LZ,LZ,11:54,2min,2,17-43,Qg,ABS,24,F,NA,Qv,C,C,Qv,Qv,Qv,Qv,Qv,Qv,Qv,C,Qv,Qv,Qv,Qg,Qg,Qg,Qg,Qg,Qg,
cup,2017,4.23.17,LZ,LZ,11:54,2min,2,17-44,Qv-T,Rice,47,M,NA,C,C,C,Qg,C,C,Qg,C,C,C,C,Qg,C,C,Qv,C,C,Qg,C,C,
cup,2017,4.23.17,LZ,LZ,11:54,2min,2,17-45,Qg,ABS,24,F,NA,Qg,Qg,Qg,Qg,Qg,Qg,Qv,C,Qv,Qv,Qv,Qg,Qg,C,Qv,C,C,Qv,Qv,Qg,
cup,2017,4.23.17,LZ,LZ,11:54,2min,2,17-46,Qg,DCK,,M,NA,Qv,Qv,C,C,C,C,C,C,C,C,C,C,C,C,C,C,C,C,C,C,
cup,2017,4.23.17,LZ,LZ,11:54,2min,2,17-47,Qg,DCK,,F,NA,Qg,Qg,Qg,Qg,Qg,Qg,Qv,Qv,Qv,Qv,Qv,Qv,Qv,Qv,Qv,Qv,Qv,C,Qv,Qv,
cup,2017,4.23.17,LZ,LZ,11:54,2min,2,17-48,Qg,ABS,24,F,NA,Qv,C,C,Qg,Qg,Qg,Qg,Qv,Qv,C,Qv,Qv,Qg,C,Qv,Qv,Qv,Qv,Qv,Qv,
cup,2017,4.23.17,LZ,LZ,11:54,2min,2,17-49,Qv-T,Rice,47,F,NA,Qg,Qg,Qg,Qg,Qg,Qg,Qg,Qg,Qg,Qg,Qg,Qg,Qg,Qg,Qg,Qg,Qg,Qg,Qg,Qg,
cup,2017,4.23.17,LZ,LZ,11:54,2min,2,17-50,Qg,DCK,,M,NA,C,C,C,C,C,C,C,C,Qg,Qg,Qg,Qg,Qg,C,C,C,C,C,C,C,
cup,2017,4.23.17,LZ,LZ,11:54,2min,2,17-51,Qg,ABS,24,F,NA,Qg,Qg,Qg,Qg,Qg,Qg,Qv,Qv,Qv,Qv,Qv,Qv,Qv,Qg,Qg,Qv,Qv,Qv,Qv,Qg,
cup,2017,4.23.17,LZ,LZ,11:54,2min,2,17-52,Qg,DCK,,F,NA,Qg,Qg,Qg,Qg,Qg,Qg,Qg,Qg,Qg,Qv,Qg,Qg,Qg,Qg,Qg,Qg,Qg,Qg,Qg,Qg,
cup,2017,4.23.17,LZ,LZ,11:54,2min,2,17-53,Qg,DCK,,M,NA,Qg,Qg,Qg,Qg,Qg,Qg,Qg,Qg,Qg,Qg,Qg,Qg,Qg,Qg,Qg,Qg,Qg,Qg,Qg,Qg,
cup,2017,4.23.17,LZ,LZ,11:54,2min,2,17-54,Qg,ABS,24,F,NA,C,C,C,C,C,C,C,C,C,C,C,C,C,C,Qg,C,C,C,C,C,
cup,2017,4.23.17,LZ,LZ,11:54,2min,2,17-55,Qv-T,Rice,47,F,NA,Qv,Qv,Qv,Qv,Qv,Qv,Qv,Qv,NA,C,Qv,Qg,Qg,Qg,Qg,Qg,Qg,Qv,Qv,Qv,
cup,2017,4.23.17,LZ,LZ,11:54,2min,2,17-56,Qg,ABS,24,F,NA,C,Qg,Qv,Qg,C,Qg,Qg,C,Qv,Qg,Qv,Qv,Qg,Qv,Qv,Qg,Qg,Qg,Qv,Qv,
cup,2017,4.23.17,LZ,LZ,11:54,2min,2,17-57,Qg,DCK,,F,NA,Qv,Qv,Qv,Qv,Qv,Qg,Qg,Qg,Qg,Qg,Qg,Qg,Qg,Qv,Qv,Qv,Qv,Qg,Qg,Qg,
cup,2017,4.23.17,LZ,LZ,11:54,2min,2,17-58,Qg,DCK,,M,NA,Qg,C,C,C,C,C,C,C,C,C,C,C,C,C,Qg,C,C,C,Qg,C,
cup,2017,4.23.17,LZ,LZ,11:54,2min,2,17-60,Qg,DCK,88,F,NA,Qv,Qv,Qv,Qv,Qv,Qv,Qv,Qv,Qv,Qv,Qg,Qg,Qv,Qg,Qg,Qg,Qg,Qv,Qv,Qg,
cup,2017,4.23.17,LZ,LZ,NA,2min,3,17-61,Qv-T,Rice,61,F,NA,C,C,C,C,C,C,C,C,C,C,C,C,C,C,C,C,C,Qv,Qv,Qv,
cup,2017,4.23.17,LZ,LZ,NA,2min,3,17-62,Qg,LL,77,F,NA,Qg,Qg,Qg,Qg,Qg,Qg,Qg,C,C,Qg,C,C,Qg,Qg,Qg,Qv,C,Qg,Qg,Qg,
cup,2017,4.23.17,LZ,LZ,NA,2min,3,17-63,Qg,ABS,,F,NA,C,C,C,Qv,Qg,C,C,C,C,C,C,C,Qg,C,C,C,C,C,C,C,
cup,2017,4.23.17,LZ,LZ,NA,2min,3,17-64,Qv-T,Rice,51,F,NA,Qg,C,C,Qg,C,C,C,C,Qg,Qv,C,C,Qg,Qg,Qv,Qv,C,Qg,Qg,Qg,
cup,2017,4.23.17,LZ,LZ,NA,2min,3,17-65,Qg,ABS,,F,NA,Qg,Qg,Qv,Qg,Qg,Qg,Qv,Qg,Qv,C,Qg,Qv,Qv,Qg,Qv,C,Qv,Qv,C,Qv,
cup,2017,4.23.17,LZ,LZ,NA,2min,3,17-66,Qg,LL,77,F,NA,Qg,C,C,C,C,C,C,C,C,Qv,C,C,C,C,C,C,C,C,C,C,
cup,2017,4.23.17,LZ,LZ,NA,2min,3,17-67,Qg,ABS,,F,NA,Qv,C,C,Qv,Qv,C,Qv,Qv,Qv,Qv,Qv,Qv,Qv,Qv,Qv,Qv,Qv,C,C,C,
cup,2017,4.23.17,LZ,LZ,NA,2min,3,17-68,Qv-T,Rice,46,F,NA,C,C,C,C,C,C,C,C,C,C,C,C,Qg,Qg,Qg,Qg,Qg,Qg,Qg,Qg,
cup,2017,4.23.17,LZ,LZ,NA,2min,3,17-69,Qg,LL,61,F,NA,Qg,Qg,Qv,Qg,Qg,Qv,Qv,Qv,Qv,Qv,Qv,Qv,Qv,Qv,Qv,Qv,C,Qv,Qv,Qv,
cup,2017,4.23.17,LZ,LZ,NA,2min,3,17-70,Qv-T,Rice,46,F,NA,Qg,Qg,Qg,Qg,Qg,Qg,Qg,Qg,Qg,C,Qg,Qg,Qg,Qg,Qg,Qg,Qg,Qg,Qg,Qg,
cup,2017,4.23.17,LZ,LZ,NA,2min,3,17-71,Qg,ABS,,F,NA,C,C,C,C,Qv,C,C,C,C,Qg,C,C,C,C,C,C,C,C,C,C,
cup,2017,4.23.17,LZ,LZ,NA,2min,3,17-72,Qv-T,Rice,46,F,NA,Qv,Qg,Qg,Qg,Qg,Qg,Qg,Qg,Qg,C,Qg,Qg,Qg,Qv,Qg,Qv,Qv,Qv,Qv,Qv,
cup,2017,4.23.17,LZ,LZ,NA,2min,3,17-73,Qg,LL,77,F,NA,C,C,C,C,C,C,C,C,C,Qv,C,C,C,C,C,C,C,C,C,C,
cup,2017,4.23.17,LZ,LZ,NA,2min,3,17-74,Qg,ABS,,F,NA,NA,NA,Qg,Qg,Qg,Qg,C,Qv,C,Qg,Qv,NA,Qv,C,C,C,C,Qv,C,C,
cup,2017,4.23.17,LZ,LZ,NA,2min,3,17-75,Qg,LL,77,F,NA,C,C,C,Qg,Qg,Qg,Qg,Qg,Qg,C,Qg,Qg,Qg,Qg,Qg,Qg,Qg,Qg,Qg,Qg,
cup,2017,4.23.17,LZ,LZ,NA,2min,3,17-76,Qg,ABS,,F,NA,C,C,C,C,C,C,C,Qv,C,C,C,C,C,C,C,C,Qg,C,C,C,
cup,2017,4.23.17,LZ,LZ,NA,2min,3,17-77,Qv-T,Rice,46,F,NA,NA,NA,NA,NA,NA,NA,NA,NA,NA,NA,NA,NA,NA,NA,NA,NA,NA,NA,NA,NA,
cup,2017,4.23.17,LZ,LZ,NA,2min,3,17-78,Qg,LL,77,F,NA,C,C,C,Qv,Qg,C,C,C,NA,NA,NA,NA,NA,NA,NA,NA,NA,NA,NA,NA,
cup,2017,4.23.17,LZ,LZ,NA,2min,3,17-79,Qv-T,Rice,51,F,NA,C,C,Qv,Qv,C,Qv,Qv,Qv,Qv,Qv,Qv,Qv,Qv,Qv,Qv,Qv,Qv,Qv,Qv,Qv,
cup,2017,4.23.17,LZ,LZ,NA,2min,3,17-80,Qg,ABS,,F,NA,C,C,C,C,C,C,C,C,C,C,C,C,C,C,C,C,C,C,C,C,
cup,2017,4.23.17,LZ,LZ,NA,2min,3,17-81,Qg,LL,77,F,NA,Qv,Qv,Qv,Qv,Qv,Qv,Qv,Qg,C,C,C,C,C,C,C,C,C,C,C,C,
cup,2017,4.23.17,LZ,LZ,NA,2min,3,17-82,Qv-T,Rice,51,F,NA,Qg,C,C,C,C,C,Qv,Qv,Qv,Qg,C,Qv,C,Qv,C,C,Qg,C,Qv,Qv,
cup,2017,4.23.17,LZ,LZ,NA,2min,3,17-83,Qg,ABS,,F,NA,C,C,C,C,C,C,C,C,C,C,C,C,Qv,C,C,C,C,C,C,C,
cup,2017,4.23.17,LZ,LZ,NA,2min,3,17-84,Qv-T,Rice,24,F,NA,Qg,Qv,Qv,Qv,Qv,Qv,Qv,Qv,Qv,Qg,Qg,Qg,C,Qg,Qg,Qg,Qg,Qg,Qg,Qg,
cup,2017,4.23.17,LZ,LZ,NA,2min,3,17-85,Qg,LL,77,F,NA,C,C,C,Qg,Qg,Qg,Qg,Qg,Qg,Qg,Qg,Qg,Qg,Qg,Qg,Qg,Qg,Qg,Qg,Qg,
cup,2017,4.23.17,LZ,LZ,NA,2min,3,17-86,Qg,ABS,,F,NA,Qv,Qv,Qv,Qv,Qg,Qg,C,Qg,Qv,Qv,Qv,Qv,Qg,Qv,Qv,C,Qv,Qv,Qv,Qv,
cup,2017,4.23.17,LZ,LZ,NA,2min,3,17-87,Qv-T,Rice,38,F,NA,Qg,Qv,Qv,Qv,C,C,C,Qv,Qg,Qv,Qv,C,Qv,C,C,Qg,C,C,C,C,
cup,2017,4.23.17,LZ,LZ,NA,2min,3,17-88,Qg,LL,77,F,NA,C,Qv,Qv,C,Qv,C,Qv,Qv,Qv,Qg,C,C,C,Qv,C,Qg,Qg,Qg,Qg,Qg,
cup,2017,4.23.17,LZ,LZ,NA,2min,3,17-89,Qg,ABS,,F,NA,C,C,C,Qv,Qg,C,Qg,C,C,Qv,C,C,C,C,C,C,C,C,C,C,
cup,2017,4.23.17,LZ,LZ,NA,2min,3,17-90,Qg,LL,77,F,NA,C,C,C,C,C,C,C,C,C,C,C,C,C,C,C,C,C,C,C,C,
cup,2019,3/24/19,LZ,LZ,17:20,3,1,1,Qv-F,Lake Griffin,NA,F,NA,C,C,C,C,C,C,C,C,Qg,Qg,Qg,Qg,C,C,C,C,C,Qg,C,C,virgin female; old leaves
cup,2019,3/24/19,LZ,LZ,17:20,3,1,2,Qv-T,Golden Meadow,NA,F,NA,C,C,C,C,C,C,Qv,Qv,C,C,C,C,C,Qv,C,C,C,C,C,C,virgin female; old leaves
cup,2019,3/24/19,LZ,LZ,17:20,3,1,3,Qv-F,Lake Griffin,NA,F,NA,C,C,C,C,C,C,C,C,C,C,C,C,C,C,C,C,C,C,C,C,new buds
cup,2019,3/24/19,LZ,LZ,17:20,3,1,4,Qv-T,Golden Meadow,NA,F,NA,Qg,Qg,Qg,Qv,C,Qg,Qg,Qg,Qg,Qg,Qg,C,C,C,C,C,C,Qg,Qg,C,new buds
cup,2019,3/24/19,LZ,LZ,17:20,3,1,5,Qv-F,Cross City,NA,F,NA,C,C,C,C,Qv,C,C,C,C,C,C,C,C,C,C,C,C,C,C,C,new leaves
cup,2019,3/24/19,LZ,LZ,17:20,3,1,6,Qv-T,Golden Meadow,NA,F,NA,C,Qv,Qg,Qv,Qg,Qv,Qv,C,Qv,C,Qv,Qv,Qv,Qv,C,Qg,Qv,C,Qv,C,new leaves
cup,2019,3/24/19,LZ,LZ,17:20,3,1,7,Qv-T,Golden Meadow,NA,F,NA,Qg,Qg,Qg,Qg,Qg,Qg,Qg,Qg,Qg,Qg,Qg,Qg,Qg,C,C,C,C,Qv,C,C,lots of new buds
cup,2019,3/24/19,LZ,LZ,17:20,3,1,8,Qv-F,Cross City,NA,F,NA,Qg,C,C,C,Qv,Qv,Qv,Qv,Qv,Qv,Qv,Qv,Qv,Qv,Qv,Qv,Qv,Qv,Qv,Qv,lots of new buds
petri dish,2019,3/26/19,LZ,LZ,15:15,3,2,1,Qg,DCK,NA,F,NA,Qg,Qg,C,Qg,Qg,Qv,Qv,Qg,C,Qg,C,C,C,C,C,Qv,C,C,C,C,
petri dish,2019,3/26/19,LZ,LZ,15:15,3,2,2,Qv-F,Lake Griffin,NA,F,NA,Qg,C,C,C,C,C,C,C,C,C,C,C,C,C,C,C,Qv,Qg,C,C,
petri dish,2019,3/26/19,LZ,LZ,15:15,3,2,3,Qv-F,NA,NA,F,NA,Qv,Qv,Qv,Qv,Qv,Qv,Qv,Qv,Qv,Qv,Qv,Qv,Qv,Qv,Qv,Qv,Qv,C,Qv,Qv,
petri dish,2019,3/26/19,LZ,LZ,15:15,3,2,4,Qg,DCK,NA,F,NA,Qg,Qv,Qv,Qv,Qv,Qv,Qv,Qv,C,Qg,Qg,Qv,C,Qg,C,C,C,Qg,C,C,
petri dish,2019,3/26/19,LZ,LZ,15:15,3,2,5,Qv-F,Cross City,NA,F,NA,Qg,C,C,C,C,C,C,C,C,C,C,C,C,C,C,C,C,C,C,C,
petri dish,2019,3/26/19,LZ,LZ,15:15,3,2,6,Qg,DCK,NA,F,NA,Qg,Qg,Qg,Qg,Qg,C,Qg,Qg,C,Qg,C,C,Qg,Qg,C,C,C,Qg,Qg,C,
petri dish,2019,3/26/19,LZ,LZ,15:15,3,2,7,Qg,DCK,NA,F,NA,Qg,Qg,Qg,Qg,Qg,Qg,Qg,Qg,Qg,Qg,Qg,Qg,Qg,Qg,Qg,Qg,Qg,Qg,Qg,Qg,
petri dish,2019,3/26/19,LZ,LZ,15:15,3,2,8,Qv-T,Golden Meadow,NA,F,NA,Qg,Qg,C,C,C,Qv,C,C,C,C,C,C,C,C,C,C,C,Qg,Qg,Qg,
petri dish,2019,3/26/19,LZ,LZ,15:15,3,2,9,Qg,DCK,NA,F,NA,C,C,C,C,C,C,C,C,C,C,C,C,C,C,C,C,C,C,C,C,
petri dish,2019,3/26/19,LZ,LZ,15:15,3,2,10,Qv-F,Lake Griffin,NA,F,NA,C,C,C,C,C,C,C,C,C,C,C,C,C,C,C,C,C,C,C,C,
petri dish,2019,3/26/19,LZ,LZ,15:15,3,2,11,Qg,DCK,NA,F,NA,Qg,Qg,Qg,Qg,Qg,Qg,Qg,Qg,Qg,Qg,Qg,Qg,Qg,Qg,Qg,Qg,Qg,Qg,Qg,Qg,
petri dish,2019,3/26/19,LZ,LZ,15:15,3,2,12,Qv-F,Cross City,NA,F,NA,C,C,C,C,C,C,Qg,C,C,C,C,C,C,C,C,C,C,C,C,C,
petri dish,2019,3/26/19,LZ,LZ,15:15,3,2,13,Qg,DCK,NA,F,NA,Qv,Qv,Qv,Qv,Qv,Qv,Qv,Qv,Qv,Qv,Qv,Qv,Qg,Qg,Qg,C,Qg,C,Qg,C,
petri dish,2019,3/26/19,LZ,LZ,15:15,3,2,14,Qg,DCK,NA,F,NA,C,C,C,C,C,C,C,Qg,Qv,Qv,Qv,Qv,C,C,C,C,C,C,C,C,
petri dish,2019,3/26/19,LZ,LZ,15:15,3,2,15,Qg,DCK,NA,F,NA,Qv,Qv,C,C,C,C,C,C,C,C,C,C,Qv,C,C,Qg,Qg,Qg,Qg,Qg,
petri dish,2019,3/26/19,LZ,LZ,15:15,3,2,16,Qg,DCK,NA,F,NA,C,C,C,C,C,C,C,C,C,C,C,C,C,C,C,C,C,C,C,C,
petri dish,2019,3/26/19,LZ,LZ,15:15,3,2,17,Qg,DCK,NA,F,NA,Qg,Qg,Qg,Qg,Qg,Qg,Qg,Qg,C,Qg,Qg,Qv,C,Qg,Qv,Qg,Qg,Qg,C,Qg,
petri dish,2019,3/26/19,LZ,LZ,15:15,3,2,18,Qg,DCK,NA,F,NA,C,C,C,C,C,C,Qg,Qg,Qg,C,Qg,C,C,C,C,C,C,C,C,C,
petri dish,2019,3/26/19,LZ,LZ,15:15,3,2,19,Qg,DCK,NA,F,NA,Qg,Qg,Qg,Qg,Qg,Qg,Qg,Qg,Qg,Qg,Qg,C,C,Qg,C,C,Qg,Qg,C,Qg,
petri dish,2019,3/27/19,LZ,LZ,12:30,3,3,1,Qv-F,Cross City,NA,F,NA,C,C,C,C,C,C,C,C,C,C,C,C,C,C,C,C,C,C,C,C,
petri dish,2019,3/27/19,LZ,LZ,12:30,3,3,2,Qv-T,Golden Meadow,NA,F,NA,C,C,C,C,C,C,C,C,C,C,C,C,C,C,C,C,C,Qg,C,C,
petri dish,2019,3/27/19,LZ,LZ,12:30,3,3,3,Qv-T,Rice,NA,F,NA,C,C,C,C,C,C,C,C,C,C,C,C,C,C,C,C,C,C,C,C,
petri dish,2019,3/27/19,LZ,LZ,12:30,3,3,4,Qv-T,Rice,NA,F,NA,C,C,C,C,C,C,C,C,C,C,C,C,C,C,C,C,C,C,C,C,
petri dish,2019,3/27/19,LZ,LZ,12:30,3,3,5,Qg,DCK,NA,F,NA,C,Qg,C,C,C,C,Qg,C,C,C,C,C,C,C,C,C,C,C,C,C,
petri dish,2019,3/27/19,LZ,LZ,12:30,3,3,6,Qv-F,Cross City,NA,F,NA,C,C,C,C,C,C,C,C,C,C,C,C,C,Qv,Qv,Qv,Qv,Qv,Qv,Qv,
petri dish,2019,3/27/19,LZ,LZ,12:30,3,3,7,Qv-T,Rice,NA,F,NA,C,C,C,C,C,C,C,C,Qg,C,C,C,C,C,C,C,C,C,C,C,
petri dish,2019,3/27/19,LZ,LZ,12:30,3,3,8,Qg,DCK,NA,F,NA,Qg,C,C,C,Qg,Qg,C,C,C,C,C,C,C,C,C,C,C,C,C,C,
petri dish,2019,3/27/19,LZ,LZ,12:30,3,3,9,Qv-F,Cross City,NA,F,NA,C,C,C,C,C,C,C,C,C,C,C,C,C,C,C,C,C,C,C,C,
petri dish,2019,3/27/19,LZ,LZ,12:30,3,3,10,Qv-T,Golden Meadow,NA,F,NA,Qg,C,C,C,C,C,C,C,C,Qv,Qv,Qv,C,C,C,C,C,C,C,C,
petri dish,2019,3/27/19,LZ,LZ,12:30,3,3,11,Qg,DCK,NA,F,NA,Qv,C,C,C,C,Qv,Qv,Qg,C,Qv,C,Qv,Qv,C,Qg,Qg,C,C,C,Qg,
petri dish,2019,3/27/19,LZ,LZ,12:30,3,3,12,Qv-F,Cross City,NA,F,NA,C,C,C,C,C,C,Qg,C,C,C,C,C,C,C,C,C,C,C,C,C,
petri dish,2019,3/27/19,LZ,LZ,12:30,3,3,13,Qg,DCK,NA,F,NA,Qv,Qg,C,C,C,C,C,C,C,C,C,C,C,C,C,C,C,C,C,C,
petri dish,2019,3/27/19,LZ,LZ,12:30,3,3,14,Qv-F,Cross City,NA,F,NA,C,C,C,C,C,C,C,C,C,C,C,C,C,C,C,C,C,C,C,C,
petri dish,2019,3/27/19,LZ,LZ,12:30,3,3,15,Qv-T,Golden Meadow,NA,F,NA,Qv,Qv,C,C,C,Qv,C,C,C,C,C,C,C,C,C,C,C,C,C,C,
petri dish,2019,3/27/19,LZ,LZ,12:30,3,3,16,Qg,DCK,NA,F,NA,Qg,Qg,C,Qg,Qg,Qg,Qg,Qg,C,Qg,C,Qg,C,C,C,Qg,Qg,Qg,Qg,C,
petri dish,2019,3/27/19,LZ,LZ,12:30,3,3,17,Qv-T,Rice,NA,F,NA,C,C,C,C,C,C,C,C,C,C,C,C,C,C,C,C,C,C,C,C,
petri dish,2019,3/27/19,LZ,LZ,12:30,3,3,18,Qg,DCK,NA,F,NA,C,C,C,Qg,C,C,C,C,C,C,C,C,C,C,C,C,C,C,C,C,
petri dish,2019,3/27/19,LZ,LZ,12:30,3,3,19,Qv-T,Rice,NA,F,NA,C,C,C,C,C,C,C,C,C,C,C,C,C,C,C,C,C,C,C,C,
petri dish,2019,3/27/19,LZ,LZ,12:30,3,3,20,Qg,DCK,NA,F,NA,Qv,C,C,C,C,C,C,C,C,C,C,C,C,C,Qg,C,C,C,C,C,
petri dish,2019,3/28/19,LZ,LZ,11:00,3,4,1,Qv-F,Cross City,NA,F,NA,C,C,Qv,C,C,C,C,C,C,C,C,C,C,C,C,C,C,C,C,C,
petri dish,2019,3/28/19,LZ,LZ,11:00,3,4,2,Qg,DCK,NA,F,NA,Qg,Qv,Qv,Qv,Qv,Qv,Qv,Qv,Qv,Qg,C,Qv,Qg,C,Qg,C,C,Qg,C,C,
petri dish,2019,3/28/19,LZ,LZ,11:00,3,4,3,Qv-T,Golden Meadow,NA,F,NA,C,Qg,C,C,C,C,C,C,C,C,C,C,C,C,C,C,C,C,C,C,
petri dish,2019,3/28/19,LZ,LZ,11:00,3,4,4,Qg,DCK,NA,F,NA,C,C,C,Qg,Qg,Qg,C,Qg,C,C,C,C,C,C,C,C,C,C,C,C,
petri dish,2019,3/28/19,LZ,LZ,11:00,3,4,5,Qv-F,Cross City,NA,F,NA,C,C,C,C,C,C,C,C,C,C,C,C,C,C,C,C,C,C,C,C,
petri dish,2019,3/28/19,LZ,LZ,11:00,3,4,6,Qv-F,Cross City,NA,F,NA,C,C,C,C,Qg,C,C,C,C,C,C,C,C,C,C,C,C,C,C,C,
petri dish,2019,3/28/19,LZ,LZ,11:00,3,4,7,Qg,DCK,NA,F,NA,C,C,Qg,C,Qg,C,C,C,Qv,Qg,Qv,C,C,C,C,C,C,Qv,C,C,
petri dish,2019,3/28/19,LZ,LZ,11:00,3,4,8,Qv-T,Golden Meadow,NA,F,NA,C,C,C,C,C,C,C,C,C,C,C,C,C,C,C,C,C,C,C,C,
petri dish,2019,3/28/19,LZ,LZ,11:00,3,4,9,Qg,DCK,NA,F,NA,C,C,Qg,Qg,Qv,C,C,C,Qg,C,Qv,Qv,Qg,C,C,C,Qg,Qg,C,C,
petri dish,2019,3/28/19,LZ,LZ,11:00,3,4,10,Qv-F,Cross City,NA,F,NA,C,C,Qg,Qg,Qg,C,C,C,C,C,C,C,C,C,C,C,C,C,C,C,
petri dish,2019,3/28/19,LZ,LZ,11:00,3,4,11,Qv-T,Golden Meadow,NA,F,NA,C,C,C,C,C,C,C,C,C,C,C,C,C,C,C,C,C,C,C,C,
petri dish,2019,3/28/19,LZ,LZ,11:00,3,4,12,Qv-F,Cross City,NA,F,NA,C,C,C,C,C,C,C,C,C,C,C,C,C,C,C,C,C,C,C,C,
petri dish,2019,3/28/19,LZ,LZ,11:00,3,4,13,Qg,DCK,NA,F,NA,Qg,Qg,Qg,C,Qg,C,C,C,C,C,C,C,C,C,C,C,C,C,C,C,
petri dish,2019,3/28/19,LZ,LZ,11:00,3,4,14,Qv-F,Cross City,NA,F,NA,Qg,Qg,Qg,C,C,C,C,C,C,C,C,C,C,C,C,C,C,C,C,C,
petri dish,2019,3/28/19,LZ,LZ,11:00,3,4,15,Qv-F,Cross City,NA,F,NA,C,C,C,C,C,C,C,C,C,C,C,C,C,C,C,C,C,C,C,C,
petri dish,2019,3/28/19,LZ,LZ,11:00,3,4,16,Qv-T,Golden Meadow,NA,F,NA,C,C,Qg,C,C,C,C,C,C,C,Qv,C,C,C,C,C,C,C,C,C,
petri dish,2019,3/28/19,LZ,LZ,11:00,3,4,17,Qg,DCK,NA,F,NA,C,Qg,Qg,Qg,Qg,Qg,Qg,C,C,C,C,C,C,C,C,C,C,C,C,C,
petri dish,2019,3/28/19,LZ,LZ,11:00,3,4,18,Qv-F,Cross City,NA,F,NA,C,C,C,C,C,C,C,C,C,C,C,C,C,C,C,C,C,C,Qv,C,
petri dish,2019,3/28/19,LZ,LZ,11:00,3,4,19,Qv-T,Golden Meadow,NA,F,NA,C,C,C,C,C,C,C,Qv,C,C,C,C,C,Qv,C,C,C,C,C,C,
petri dish,2019,3/28/19,LZ,LZ,11:00,3,4,20,Qv-F,Cross City,NA,F,NA,C,C,C,C,C,C,C,C,C,C,C,C,C,C,C,C,C,C,Qv,C,
petri dish,2019,3/28/19,LZ,LZ,11:00,3,4,21,Qv-T,Golden Meadow,NA,F,NA,C,C,C,C,C,C,C,C,C,C,C,C,C,C,C,C,C,C,Qg,C,
petri dish,2019,3/28/19,LZ,LZ,11:00,3,4,22,Qg,DCK,NA,F,NA,C,Qg,C,C,C,C,C,C,C,Qv,Qv,C,C,C,C,C,C,Qg,C,C,
petri dish,2019,3/28/19,LZ,LZ,11:00,3,4,23,Qv-F,Cross City,NA,F,NA,Qv,C,C,C,C,C,C,C,C,C,Qv,Qv,Qv,Qv,Qv,Qv,Qv,Qv,Qv,Qv,
petri dish,2019,3/28/19,LZ,LZ,11:00,3,4,24,Qv-F,Cross City,NA,F,NA,C,C,C,C,C,C,C,C,C,C,C,C,C,C,C,C,C,C,C,C,
petri dish,2019,3/30/19,LZ,LZ,NA,3,5,1,Qv-F,Cross City,NA,F,NA,C,Qv,Qv,Qg,C,C,C,C,C,C,C,Qv,Qv,C,C,C,C,C,C,C,
petri dish,2019,3/30/19,LZ,LZ,NA,3,5,2,Qv-T,Golden Meadow,NA,F,NA,Qv,Qv,Qv,Qv,Qv,Qv,Qv,C,C,C,Qv,Qv,Qv,Qv,Qv,C,C,C,Qg,C,
petri dish,2019,3/30/19,LZ,LZ,NA,3,5,3,Qv-T,Rice,NA,F,NA,Qv,C,C,C,C,C,C,C,C,C,C,C,C,C,C,C,C,Qg,C,C,
petri dish,2019,3/30/19,LZ,LZ,NA,3,5,4,Qv-F,Cross City,NA,F,NA,C,C,C,C,C,C,C,C,C,C,C,C,C,C,C,C,C,C,C,C,
petri dish,2019,3/30/19,LZ,LZ,NA,3,5,5,Qv-F,Cross City,NA,F,NA,C,C,C,Qv,Qv,C,Qv,C,C,Qv,C,Qv,C,C,Qv,C,Qv,Qv,C,Qv,
petri dish,2019,3/30/19,LZ,LZ,NA,3,5,6,Qv-F,Cross City,NA,F,NA,C,C,C,C,C,C,C,C,C,C,C,C,C,C,C,C,C,C,C,C,
petri dish,2019,3/30/19,LZ,LZ,NA,3,5,7,Qv-T,Golden Meadow,NA,F,NA,Qv,C,C,C,C,C,C,C,C,Qg,C,C,C,C,C,C,C,C,C,C,
petri dish,2019,3/30/19,LZ,LZ,NA,3,5,8,Qv-F,Cross City,NA,F,NA,C,C,C,C,C,C,C,C,C,C,C,C,C,C,C,C,C,C,C,C,
petri dish,2019,3/30/19,LZ,LZ,NA,3,5,9,Qv-T,Golden Meadow,NA,F,NA,C,C,C,C,C,C,C,C,C,C,C,C,C,Qv,C,C,C,C,C,C,
petri dish,2019,3/30/19,LZ,LZ,NA,3,5,10,Qv-T,Rice,NA,F,NA,Qv,Qg,C,C,C,C,C,C,C,C,Qv,C,C,Qg,C,C,C,C,C,C,
petri dish,2019,3/30/19,LZ,LZ,NA,3,5,11,Qv-F,Cross City,NA,F,NA,C,C,C,C,C,C,C,C,C,C,C,C,C,C,C,C,C,C,C,C,
petri dish,2019,3/30/19,LZ,LZ,NA,3,5,12,Qv-F,Cross City,NA,F,NA,C,C,C,C,C,C,C,C,Qv,Qv,Qv,Qv,Qv,Qv,Qv,Qv,Qv,Qv,Qv,Qv,
petri dish,2019,3/30/19,LZ,LZ,NA,3,5,13,Qv-T,Golden Meadow,NA,F,NA,Qv,C,Qv,Qv,Qv,Qv,Qv,Qv,Qv,Qv,Qv,Qv,Qv,C,Qv,Qv,Qv,Qv,Qv,C,
petri dish,2019,3/30/19,LZ,LZ,NA,3,5,14,Qv-F,Cross City,NA,F,NA,C,C,C,C,C,Qg,Qg,Qv,C,C,C,C,C,C,Qg,Qg,Qv,C,C,C,
petri dish,2019,3/30/19,LZ,LZ,NA,3,5,15,Qv-F,Cross City,NA,F,NA,C,C,C,C,C,C,C,C,C,C,C,C,C,C,C,C,C,C,C,C,
petri dish,2019,3/30/19,LZ,LZ,NA,3,5,16,Qv-T,Rice,NA,F,NA,Qg,Qg,Qg,Qg,Qg,Qg,Qg,Qg,Qg,Qv,Qg,Qv,Qg,C,C,C,C,Qv,Qg,C,
petri dish,2019,3/30/19,LZ,LZ,NA,3,5,17,Qv-T,Golden Meadow,NA,F,NA,Qv,C,C,C,C,Qv,Qv,C,Qv,C,C,C,C,Qv,C,Qv,C,C,C,C,
petri dish,2019,3/30/19,LZ,LZ,NA,3,5,18,Qv-F,Cross City,NA,F,NA,C,C,C,C,C,C,C,C,C,C,C,C,C,C,C,C,C,Qg,C,C,
petri dish,2019,3/30/19,LZ,LZ,NA,3,5,19,Qv-F,Cross City,NA,F,NA,C,C,C,C,C,C,C,C,C,C,C,C,C,C,C,C,C,C,C,C,
petri dish,2019,3/30/19,LZ,LZ,NA,3,5,20,Qv-T,Golden Meadow,NA,F,NA,C,C,C,C,C,C,C,Qg,C,C,C,C,C,C,C,C,C,C,Qv,Qv,
petri dish,2019,3/30/19,LZ,LZ,NA,3,5,21,Qv-F,Cross City,NA,F,NA,C,C,C,C,C,C,Qv,C,C,C,C,C,C,C,C,C,C,C,C,C,
petri dish,2019,3/30/19,LZ,LZ,NA,3,5,22,Qv-F,Cross City,NA,F,NA,Qv,C,C,C,C,C,C,C,C,C,C,C,C,C,C,C,C,C,C,C,
petri dish,2019,3/30/19,LZ,LZ,NA,3,5,23,Qv-T,Golden Meadow,NA,F,NA,C,C,C,C,C,C,C,C,C,C,C,C,C,C,C,C,C,C,C,C,
petri dish,2019,3/30/19,LZ,LZ,NA,3,5,24,Qv-F,Cross City,NA,F,NA,C,C,C,C,C,C,C,C,C,C,C,C,C,C,C,C,C,C,C,C,
petri dish,2019,4/1/19,LZ,LZ,NA,3,6,1,Qv-F,Cross City,NA,F,NA,Qg,Qv,Qv,Qv,Qv,Qv,Qv,Qv,Qv,Qv,Qv,Qv,Qv,Qv,Qv,Qv,Qv,Qv,Qv,Qv,
petri dish,2019,4/1/19,LZ,LZ,NA,3,6,2,Qv-F,Lake Griffin,NA,F,NA,C,Qg,Qg,Qg,Qg,Qg,Qg,Qg,Qg,Qg,Qg,Qg,Qg,Qg,Qg,Qg,Qg,Qg,Qg,C,
petri dish,2019,4/1/19,LZ,LZ,NA,3,6,3,Qv-T,Golden Meadow,NA,F,NA,Qg,Qg,Qg,Qg,Qg,Qg,Qg,Qg,Qv,Qv,Qv,Qv,Qv,Qg,Qv,Qv,C,Qv,Qv,Qv,
petri dish,2019,4/1/19,LZ,LZ,NA,3,6,4,Qv-T,Rice,NA,F,NA,Qg,Qg,C,C,C,C,C,C,C,C,C,C,C,C,C,C,C,C,C,C,
petri dish,2019,4/1/19,LZ,LZ,NA,3,6,5,Qv-F,Cross City,NA,F,NA,C,C,C,C,C,C,C,C,C,C,C,C,C,C,C,C,C,C,C,C,
petri dish,2019,4/1/19,LZ,LZ,NA,3,6,6,Qv-T,Golden Meadow,NA,F,NA,Qg,C,Qg,Qg,Qg,Qv,Qv,Qv,Qv,Qv,Qv,Qv,Qv,C,Qv,Qv,Qv,Qv,Qg,C,
petri dish,2019,4/1/19,LZ,LZ,NA,3,6,7,Qv-F,Cross City,NA,F,NA,C,C,C,C,C,C,C,Qv,C,C,Qv,C,C,C,C,C,C,C,C,Qv,
petri dish,2019,4/1/19,LZ,LZ,NA,3,6,8,Qv-T,Rice,NA,F,NA,Qv,Qv,Qv,Qv,Qv,Qv,Qv,Qg,Qv,Qv,Qv,Qv,Qv,Qv,Qv,Qv,Qv,C,C,C,
petri dish,2019,4/1/19,LZ,LZ,NA,3,6,9,Qv-F,Lake Griffin,NA,F,NA,C,C,C,C,C,C,C,C,C,C,C,C,C,C,C,C,C,C,C,C,
petri dish,2019,4/1/19,LZ,LZ,NA,3,6,10,Qv-T,Golden Meadow,NA,F,NA,C,C,C,C,C,C,Qg,C,C,C,C,C,C,C,C,C,C,C,C,C,
petri dish,2019,4/1/19,LZ,LZ,NA,3,6,11,Qv-F,Cross City,NA,F,NA,C,C,C,C,C,C,C,C,C,C,Qv,C,C,C,C,C,C,C,C,Qv,
petri dish,2019,4/1/19,LZ,LZ,NA,3,6,12,Qv-T,Rice,NA,F,NA,Qg,Qv,Qv,Qv,Qv,Qv,Qv,Qv,Qv,Qv,Qv,Qv,Qv,Qg,C,C,C,C,C,C,
petri dish,2019,4/1/19,LZ,LZ,NA,3,6,13,Qv-F,Cross City,NA,F,NA,Qv,Qv,Qv,Qv,Qv,Qv,Qv,Qv,Qv,Qv,C,C,Qv,C,C,C,C,Qv,Qv,Qv,
petri dish,2019,4/1/19,LZ,LZ,NA,3,6,14,Qv-F,Cross City,NA,F,NA,C,Qg,Qv,C,C,Qv,C,C,C,Qv,C,Qv,C,C,C,C,C,C,C,Qv,
petri dish,2019,4/1/19,LZ,LZ,NA,3,6,15,Qv-F,Lake Griffin,NA,F,NA,C,C,C,C,C,C,C,C,C,C,C,Qv,Qv,Qv,Qv,Qv,Qv,Qv,Qv,Qv,
petri dish,2019,4/1/19,LZ,LZ,NA,3,6,16,Qv-F,Cross City,NA,F,NA,C,C,C,C,C,C,C,C,C,C,C,C,C,C,C,C,Qv,C,C,C,
petri dish,2019,4/1/19,LZ,LZ,NA,3,6,17,Qv-T,Rice,NA,F,NA,C,C,C,C,C,C,C,C,C,C,C,C,C,C,Qg,C,C,C,C,C,
petri dish,2019,4/1/19,LZ,LZ,NA,3,6,18,Qv-T,Rice,NA,F,NA,C,C,Qv,Qv,C,C,C,C,C,C,C,C,Qv,C,C,C,Qv,Qv,C,C,
petri dish,2019,4/1/19,LZ,LZ,NA,3,6,19,Qg,DCK,NA,F,NA,C,C,C,C,C,C,C,C,C,C,C,C,C,Qg,C,C,C,C,C,C,
petri dish,2019,4/1/19,LZ,LZ,NA,3,6,20,Qv-T,Golden Meadow,NA,F,NA,C,C,C,C,C,C,C,C,C,C,C,C,C,C,C,C,C,C,C,Qv,
petri dish,2019,4/1/19,LZ,LZ,NA,3,6,21,Qv-F,Cross City,NA,F,NA,C,Qv,C,C,C,C,C,C,C,C,C,C,C,C,C,C,C,C,C,C,
petri dish,2019,4/1/19,LZ,LZ,NA,3,6,22,Qv-T,Rice,NA,F,NA,Qv,Qv,Qv,Qv,Qv,Qv,Qv,C,C,Qv,Qv,C,C,C,Qv,Qv,C,C,C,C,
petri dish,2019,4/1/19,LZ,LZ,NA,3,6,23,Qv-F,Cross City,NA,F,NA,Qv,Qv,Qv,Qv,Qv,Qv,Qv,Qv,Qv,Qv,Qv,Qv,Qv,Qv,Qv,Qv,Qv,Qv,Qv,Qv,
petri dish,2019,4/1/19,LZ,LZ,NA,3,6,24,Qv-F,Cross City,NA,F,NA,C,C,C,C,C,C,C,C,C,C,C,C,C,C,C,C,C,C,C,C,
petri dish,2019,4/1/19,LZ,LZ,NA,3,6,25,Qv-T,Golden Meadow,NA,F,NA,Qv,Qv,Qv,Qv,Qv,Qv,Qv,Qv,Qv,Qv,Qv,Qv,Qv,Qv,Qv,Qv,Qv,Qg,Qg,Qv,
petri dish,2019,4/1/19,LZ,LZ,NA,3,6,26,Qg,DCK,NA,F,NA,C,C,C,C,C,C,C,C,C,C,C,C,C,C,C,C,C,C,C,C,
petri dish,2019,4/1/19,LZ,LZ,NA,3,6,27,Qv-T,Rice,NA,F,NA,C,Qv,Qv,Qv,Qv,Qv,Qv,Qg,C,C,C,C,C,C,Qv,Qv,C,C,C,C,
petri dish,2019,4/1/19,LZ,LZ,NA,3,6,28,Qv-F,Cross City,NA,F,NA,C,Qg,C,C,Qg,Qv,C,C,Qv,Qg,C,C,C,C,C,C,Qg,Qv,Qg,Qv,
petri dish,2019,4/3/19,LZ,LZ,17:00,3,7,1,Qv-T,Picayune ,NA,F,NA,C,Qg,C,C,C,C,C,C,Qg,C,C,C,Qv,C,C,C,C,C,C,Qv,
petri dish,2019,4/3/19,LZ,LZ,17:00,3,7,2,Qv-F,Cross City,NA,F,NA,Qv,C,C,C,C,C,C,C,C,C,C,C,C,C,C,C,C,C,C,C,
petri dish,2019,4/3/19,LZ,LZ,17:00,3,7,3,Qg,DCK,NA,F,NA,Qg,Qg,Qg,Qg,Qg,Qg,Qg,Qg,C,Qg,Qg,Qg,Qg,Qg,Qg,C,Qg,Qg,Qg,Qg,
petri dish,2019,4/3/19,LZ,LZ,17:00,3,7,4,Qv-T,Golden Meadow,NA,F,NA,Qg,Qg,Qg,Qv,C,C,Qg,Qg,C,C,C,C,C,C,C,C,C,Qv,C,C,
petri dish,2019,4/3/19,LZ,LZ,17:00,3,7,5,Qv-T,Rice,NA,F,NA,Qg,Qg,Qg,C,C,C,C,C,C,C,C,C,C,C,C,C,C,C,C,C,
petri dish,2019,4/3/19,LZ,LZ,17:00,3,7,6,Qv-F,Cross City,NA,F,NA,Qg,Qg,C,C,C,Qv,Qv,Qv,Qv,C,C,C,C,C,C,C,Qv,C,C,C,
petri dish,2019,4/3/19,LZ,LZ,17:00,3,7,7,Qv-T,Picayune ,NA,F,NA,Qv,C,Qg,C,C,Qv,Qv,C,C,Qg,C,Qg,C,C,C,Qv,C,Qg,C,C,
petri dish,2019,4/3/19,LZ,LZ,17:00,3,7,8,Qv-T,Rice,NA,F,NA,C,C,C,C,C,C,C,C,C,C,C,Qv,C,C,C,C,C,C,C,C,
petri dish,2019,4/3/19,LZ,LZ,17:00,3,7,9,Qg,DCK,NA,F,NA,Qv,Qv,Qg,Qg,Qg,Qg,Qg,Qg,Qg,Qg,Qg,Qg,Qg,Qg,Qg,Qg,Qg,Qg,Qg,Qg,
petri dish,2019,4/3/19,LZ,LZ,17:00,3,7,10,Qv-T,Rice,NA,F,NA,Qv,Qv,Qv,Qv,Qv,Qg,Qv,Qv,Qv,C,C,C,C,C,Qv,C,C,C,Qv,C,
petri dish,2019,4/3/19,LZ,LZ,17:00,3,7,11,Qv-T,Golden Meadow,NA,F,NA,Qv,C,C,C,C,Qg,C,C,C,C,C,C,C,C,Qv,C,C,C,C,C,
petri dish,2019,4/3/19,LZ,LZ,17:00,3,7,12,Qv-F,Cross City,NA,F,NA,C,Qv,Qv,C,C,C,C,C,C,C,C,C,C,C,C,C,C,C,C,C,
petri dish,2019,4/3/19,LZ,LZ,17:00,3,7,13,Qv-T,Rice,NA,F,NA,C,C,C,C,C,C,C,C,C,C,C,C,C,Qv,C,C,C,C,C,C,
petri dish,2019,4/3/19,LZ,LZ,17:00,3,7,14,Qv-T,Golden Meadow,NA,F,NA,Qv,Qv,C,C,Qv,C,C,C,C,C,C,C,C,C,C,C,C,C,Qv,C,
petri dish,2019,4/3/19,LZ,LZ,17:00,3,7,15,Qv-F,Cross City,NA,F,NA,Qv,C,Qv,Qv,Qv,Qv,Qv,C,Qg,C,C,Qg,Qv,Qv,C,C,Qv,C,C,C,
petri dish,2019,4/3/19,LZ,LZ,17:00,3,7,16,Qv-F,Cross City,NA,F,NA,C,C,C,C,C,Qv,C,C,C,C,C,C,C,C,C,C,C,C,C,C,
petri dish,2019,4/3/19,LZ,LZ,17:00,3,7,17,Qg,DCK,NA,F,NA,Qv,C,C,C,C,C,C,C,C,C,C,C,C,Qv,Qv,C,C,C,C,C,
petri dish,2019,4/3/19,LZ,LZ,17:00,3,7,18,Qv-F,Cross City,NA,F,NA,Qv,Qv,Qv,Qv,Qv,Qv,Qv,Qv,Qv,Qv,Qv,Qv,Qv,Qv,Qv,Qv,Qv,Qv,C,C,
petri dish,2019,4/3/19,LZ,LZ,17:00,3,7,19,Qv-T,Golden Meadow,NA,F,NA,C,C,C,C,C,C,C,C,C,C,C,C,C,C,C,C,C,C,C,C,
petri dish,2019,4/3/19,LZ,LZ,17:00,3,7,20,Qv-T,Golden Meadow,NA,F,NA,C,Qg,Qg,C,C,Qg,Qv,C,Qg,C,C,C,C,Qv,Qv,Qv,Qv,C,C,C,
petri dish,2019,4/3/19,LZ,LZ,17:00,3,7,21,Qv-F,Cross City,NA,F,NA,C,C,C,C,C,C,C,C,C,C,Qg,C,C,C,C,C,C,C,Qv,Qv,
petri dish,2019,4/3/19,LZ,LZ,17:00,3,7,22,Qv-T,Golden Meadow,NA,F,NA,Qv,Qv,Qv,Qv,Qv,Qv,Qv,C,C,C,Qv,Qv,C,C,C,C,C,Qv,C,C,
petri dish,2019,4/3/19,LZ,LZ,17:00,3,7,23,Qv-F,Cross City,NA,F,NA,C,C,C,C,C,C,C,C,C,C,C,C,C,C,C,C,C,C,C,C,
petri dish,2019,4/3/19,LZ,LZ,17:00,3,7,24,Qv-F,Cross City,NA,F,NA,Qv,Qv,Qv,Qv,Qv,Qv,Qv,Qv,Qv,Qg,Qg,Qg,Qv,Qv,Qv,Qv,Qv,C,Qv,Qg,
petri dish,2019,4/3/19,LZ,LZ,17:00,3,7,25,Qv-F,Cross City,NA,F,NA,C,C,Qv,Qv,Qv,C,Qv,Qv,Qv,Qv,Qv,Qv,Qv,Qv,Qv,C,Qv,Qv,Qv,C,
petri dish,2019,4/3/19,LZ,LZ,17:00,3,7,26,Qv-T,Golden Meadow,NA,F,NA,C,C,C,C,C,Qg,C,C,C,C,C,C,C,C,C,C,C,C,C,C,
petri dish,2019,4/3/19,LZ,LZ,17:00,3,7,27,Qv-F,Cross City,NA,F,NA,C,C,C,C,C,C,C,C,C,C,C,C,C,C,C,C,C,C,C,C,
petri dish,2019,4/3/19,LZ,LZ,17:00,3,7,28,Qv-T,Golden Meadow,NA,F,NA,Qv,Qv,Qv,Qv,Qv,Qv,Qv,Qv,Qv,C,C,C,C,C,C,C,C,C,Qv,Qv,
petri dish,2019,4/4/19,LZ,LZ,16:45,3,8,1,Qv-T,Golden Meadow,NA,F,NA,Qv,Qv,Qv,Qv,Qv,Qv,Qv,Qv,Qv,Qv,C,Qv,C,Qg,C,C,C,C,C,C,
petri dish,2019,4/4/19,LZ,LZ,16:45,3,8,2,Qv-F,Cross City,NA,F,NA,C,Qv,Qv,Qv,Qv,Qv,Qv,Qv,Qv,Qv,Qv,Qv,Qv,Qv,Qv,Qv,Qv,C,C,C,
petri dish,2019,4/4/19,LZ,LZ,16:45,3,8,3,Qg,DCK,NA,F,NA,Qg,C,Qg,C,C,C,C,C,C,C,C,C,C,C,C,C,C,C,C,C,
petri dish,2019,4/4/19,LZ,LZ,16:45,3,8,4,Qv-T,Golden Meadow,NA,F,NA,C,C,C,C,C,C,C,C,C,C,Qv,C,C,C,C,C,C,C,C,C,
petri dish,2019,4/4/19,LZ,LZ,16:45,3,8,5,Qv-F,Cross City,NA,F,NA,C,C,C,C,C,C,C,C,C,C,C,C,C,C,C,C,C,C,C,C,
petri dish,2019,4/4/19,LZ,LZ,16:45,3,8,6,Qv-T,Golden Meadow,NA,F,NA,Qv,Qg,Qv,Qv,Qv,Qv,Qv,Qv,C,Qv,C,C,C,Qv,C,C,C,C,C,C,
petri dish,2019,4/4/19,LZ,LZ,16:45,3,8,7,Qv-T,Picayune ,NA,F,NA,Qg,Qg,Qg,C,C,Qg,Qg,Qg,Qg,Qg,Qg,Qg,Qg,Qg,Qg,Qg,Qg,Qg,Qg,Qv,
petri dish,2019,4/4/19,LZ,LZ,16:45,3,8,8,Qv-F,Cross City,NA,F,NA,Qv,Qv,Qv,Qv,Qg,Qv,Qv,Qv,Qv,Qv,Qv,Qg,C,C,C,Qv,Qv,C,Qg,C,
petri dish,2019,4/4/19,LZ,LZ,16:45,3,8,9,Qv-F,Cross City,NA,F,NA,C,C,C,C,C,C,C,C,C,C,C,C,C,C,C,C,C,C,C,C,
petri dish,2019,4/4/19,LZ,LZ,16:45,3,8,10,Qg,DCK,NA,F,NA,C,C,C,C,C,C,C,C,C,C,C,C,C,C,C,C,C,C,C,C,
petri dish,2019,4/4/19,LZ,LZ,16:45,3,8,11,Qv-F,Cross City,NA,F,NA,C,C,C,C,C,C,C,C,C,C,C,Qv,Qv,Qv,C,Qv,Qv,Qv,Qv,Qv,
petri dish,2019,4/4/19,LZ,LZ,16:45,3,8,12,Qv-T,Golden Meadow,NA,F,NA,C,C,C,C,C,C,C,C,C,C,C,C,C,C,C,C,C,C,C,C,
petri dish,2019,4/4/19,LZ,LZ,16:45,3,8,13,Qv-F,Cross City,NA,F,NA,C,C,C,C,C,C,C,C,C,C,C,C,C,C,C,C,C,C,C,C,
petri dish,2019,4/4/19,LZ,LZ,16:45,3,8,14,Qv-T,Picayune ,NA,F,NA,C,C,C,C,C,C,C,C,C,C,C,C,C,C,C,C,C,C,C,C,
petri dish,2019,4/4/19,LZ,LZ,16:45,3,8,15,Qv-F,Cross City,NA,F,NA,C,C,C,C,C,C,C,C,C,C,C,C,C,C,C,C,C,C,C,Qv,
petri dish,2019,4/4/19,LZ,LZ,16:45,3,8,16,Qv-T,Rice,NA,F,NA,Qv,Qv,Qv,Qv,Qg,C,Qv,Qv,Qv,C,C,Qv,C,C,C,C,C,Qv,C,C,
petri dish,2019,4/4/19,LZ,LZ,16:45,3,8,17,Qv-T,Golden Meadow,NA,F,NA,C,C,C,C,C,C,C,C,C,C,C,C,C,C,C,C,C,C,C,C,
petri dish,2019,4/4/19,LZ,LZ,16:45,3,8,18,Qv-F,Cross City,NA,F,NA,C,C,C,Qv,C,C,Qg,C,C,C,C,Qg,C,Qv,Qv,C,C,C,C,C,
petri dish,2019,4/4/19,LZ,LZ,16:45,3,8,19,Qv-T,Golden Meadow,NA,F,NA,C,C,Qv,Qv,Qv,Qv,Qv,Qv,Qv,Qv,Qv,Qv,Qv,Qv,Qv,Qv,Qv,Qv,Qv,Qv,
petri dish,2019,4/4/19,LZ,LZ,16:45,3,8,20,Qv-F,Cross City,NA,F,NA,Qv,Qv,Qv,Qv,Qv,Qv,Qv,Qv,Qv,Qv,Qv,Qv,Qv,Qv,Qv,Qv,Qv,Qv,Qv,Qv,
petri dish,2019,4/4/19,LZ,LZ,16:45,3,8,21,Qv-T,Rice,NA,F,NA,Qv,Qv,Qv,Qv,Qv,Qv,Qv,Qv,Qv,Qv,C,Qv,Qv,C,C,Qv,Qv,Qv,Qv,Qv,
petri dish,2019,4/4/19,LZ,LZ,16:45,3,8,22,Qv-F,Cross City,NA,F,NA,C,C,C,C,C,C,C,C,C,C,C,C,C,C,C,C,C,C,C,C,
petri dish,2019,4/4/19,LZ,LZ,16:45,3,8,23,Qv-T,Picayune ,NA,F,NA,Qv,Qv,Qv,Qv,Qv,Qv,Qv,Qv,Qv,Qv,Qg,Qv,Qv,C,C,C,C,C,C,Qv,
petri dish,2019,4/4/19,LZ,LZ,16:45,3,8,24,Qv-F,Cross City,NA,F,NA,C,C,C,C,C,C,C,C,C,C,C,C,C,C,C,C,C,C,C,C,
petri dish,2019,4/4/19,LZ,LZ,16:45,3,8,25,Qv-T,Rice,NA,F,NA,C,C,C,C,C,C,C,C,C,C,Qv,Qv,Qv,Qv,Qv,C,C,C,C,C,
petri dish,2019,4/4/19,LZ,LZ,16:45,3,8,26,Qv-T,Golden Meadow,NA,F,NA,C,C,C,C,C,C,C,C,C,C,C,C,C,C,C,C,C,C,C,C,
petri dish,2019,4/4/19,LZ,LZ,16:45,3,8,27,Qv-F,Cross City,NA,F,NA,C,Qv,C,C,C,C,C,C,C,C,Qv,C,C,C,C,C,C,C,C,C,
petri dish,2019,4/4/19,LZ,LZ,16:45,3,8,28,Qv-T,Picayune ,NA,F,NA,C,C,C,C,C,C,C,C,C,C,Qg,C,C,C,C,C,C,C,C,C,
petri dish,2019,4/4/19,LZ,LZ,16:45,3,8,29,Qv-T,Golden Meadow,NA,F,NA,C,C,C,C,C,C,C,C,C,C,C,C,C,C,C,C,C,C,C,C,
petri dish,2019,4/6/19,LZ,LZ,16:50,3,9,1,Qv-T,Picayune ,NA,F,Qg,Qv,Qv,Qv,Qv,C,C,C,C,Qv,Qv,Qv,Qv,Qv,Qv,Qv,Qv,Qv,C,C,Qv,
petri dish,2019,4/6/19,LZ,LZ,16:50,3,9,2,Qv-F,Cross City,NA,F,C,C,C,C,Qv,C,C,C,C,C,C,C,C,C,C,C,C,C,C,C,C,
petri dish,2019,4/6/19,LZ,LZ,16:50,3,9,3,Qv-T,Picayune ,NA,F,C,C,C,C,C,C,C,C,C,C,C,C,C,C,C,C,C,C,C,C,C,
petri dish,2019,4/6/19,LZ,LZ,16:50,3,9,4,Qg,DCK,NA,F,Qg,Qg,Qg,Qg,Qg,Qg,Qg,Qg,Qg,Qv,C,C,C,Qv,C,C,Qg,C,C,C,C,
petri dish,2019,4/6/19,LZ,LZ,16:50,3,9,5,Qv-T,Golden Meadow,NA,F,C,C,C,C,C,C,C,C,C,C,C,C,C,C,C,C,C,C,C,C,C,
petri dish,2019,4/6/19,LZ,LZ,16:50,3,9,6,Qv-F,Cross City,NA,F,C,C,C,C,C,C,C,C,C,C,C,C,C,C,C,C,C,C,C,C,C,
petri dish,2019,4/6/19,LZ,LZ,16:50,3,9,7,Qv-T,Picayune ,NA,F,Qg,Qv,Qv,Qv,C,C,Qg,C,C,C,C,C,C,C,C,Qv,Qv,Qv,C,C,C,
petri dish,2019,4/6/19,LZ,LZ,16:50,3,9,8,Qv-T,Golden Meadow,NA,F,C,C,C,C,C,Qv,Qv,Qv,Qv,Qv,Qv,Qv,Qv,Qv,C,C,C,C,C,C,C,
petri dish,2019,4/6/19,LZ,LZ,16:50,3,9,9,Qv-F,Cross City,NA,F,C,C,C,C,C,C,C,C,C,C,C,C,C,C,C,C,C,C,C,C,C,
petri dish,2019,4/6/19,LZ,LZ,16:50,3,9,10,Qg,DCK,NA,F,Qg,C,C,C,C,C,C,C,C,Qv,C,C,C,C,C,C,C,C,C,C,C,
petri dish,2019,4/6/19,LZ,LZ,16:50,3,9,11,Qv-F,Cross City,NA,F,C,C,C,C,C,Qv,C,C,C,C,C,Qv,C,C,C,C,C,C,C,C,C,
petri dish,2019,4/6/19,LZ,LZ,16:50,3,9,12,Qv-T,Picayune ,NA,F,Qv,C,Qv,Qv,C,Qg,Qg,Qg,Qg,Qg,Qv,C,C,C,C,Qv,C,C,Qv,C,C,
petri dish,2019,4/6/19,LZ,LZ,16:50,3,9,13,Qv-T,Golden Meadow,NA,F,Qg,Qg,Qg,C,C,C,Qv,C,C,C,C,C,C,C,C,C,C,C,C,C,C,
petri dish,2019,4/6/19,LZ,LZ,16:50,3,9,14,Qv-T,Picayune ,NA,F,C,C,C,C,C,C,C,C,C,C,C,C,C,C,C,C,C,C,C,C,C,
petri dish,2019,4/6/19,LZ,LZ,16:50,3,9,15,Qv-F,Cross City,NA,F,C,C,C,C,C,C,C,C,C,C,Qv,Qv,C,C,C,C,C,C,C,C,C,
petri dish,2019,4/6/19,LZ,LZ,16:50,3,9,16,Qg,DCK,NA,F,Qg,C,C,C,Qv,C,C,C,C,C,C,C,C,C,C,C,C,C,C,C,C,
petri dish,2019,4/6/19,LZ,LZ,16:50,3,9,17,Qv-T,Picayune ,NA,F,C,C,C,C,C,C,Qg,C,C,C,C,C,C,C,C,C,C,Qv,Qv,C,C,
petri dish,2019,4/6/19,LZ,LZ,16:50,3,9,18,Qv-T,Golden Meadow,NA,F,Qv,Qv,Qv,Qv,Qg,Qg,C,C,C,Qv,Qv,C,C,Qg,C,C,C,C,C,C,C,
petri dish,2019,4/6/19,LZ,LZ,16:50,3,9,19,Qv-T,Picayune ,NA,F,C,C,C,C,C,Qg,C,C,C,C,C,C,C,C,C,C,C,C,C,C,C,
petri dish,2019,4/6/19,LZ,LZ,16:50,3,9,20,Qv-T,Picayune ,NA,F,C,C,Qv,Qv,Qv,Qv,Qv,Qv,Qv,Qv,Qv,Qv,Qv,Qv,Qv,Qv,Qv,C,C,C,C,
petri dish,2019,4/6/19,LZ,LZ,16:50,3,9,21,Qg,DCK,NA,F,Qg,C,C,C,C,C,C,C,C,C,C,C,C,C,C,C,C,C,C,C,C,
petri dish,2019,4/6/19,LZ,LZ,16:50,3,9,22,Qv-F,Cross City,NA,F,Qv,C,C,Qv,Qv,Qv,Qv,Qv,Qv,Qv,C,C,C,C,C,C,C,C,C,C,C,
petri dish,2019,4/6/19,LZ,LZ,16:50,3,9,23,Qv-T,Picayune ,NA,F,Qg,C,C,C,Qv,Qv,Qv,Qv,C,C,C,C,C,C,Qg,C,C,Qv,C,C,C,
petri dish,2019,4/6/19,LZ,LZ,16:50,3,9,24,Qv-T,Golden Meadow,NA,F,Qg,Qv,Qv,C,Qv,C,C,C,C,C,C,C,C,C,C,C,C,C,C,C,C,
petri dish,2019,4/6/19,LZ,LZ,16:50,3,9,25,Qg,DCK,NA,F,C,C,C,C,C,C,C,C,C,C,C,C,Qg,C,C,C,C,C,C,C,C,
petri dish,2019,4/6/19,LZ,LZ,16:50,3,9,26,Qv-F,Cross City,NA,F,C,C,C,C,C,C,C,C,C,C,C,C,C,C,C,C,C,C,C,C,C,
petri dish,2019,4/6/19,LZ,LZ,16:50,3,9,27,Qv-T,Picayune ,NA,F,C,C,C,C,C,C,C,C,C,C,C,C,C,C,C,C,C,C,C,C,C,
petri dish,2019,4/6/19,LZ,LZ,16:50,3,9,28,Qv-F,Cross City,NA,F,C,C,C,C,Qv,Qv,Qv,C,C,C,C,C,C,Qv,C,C,C,C,C,C,C,
petri dish,2019,4/6/19,LZ,LZ,16:50,3,9,29,Qv-T,Golden Meadow,NA,F,C,Qv,Qv,Qv,Qv,Qv,Qv,Qv,Qv,Qv,Qv,Qv,Qv,C,C,C,C,C,Qv,Qv,C,
petri dish,2019,4/9/19,LZ,LZ,16:50,3,10,1,Qv-T,Rice,NA,F,C,Qv,Qv,Qv,Qv,C,Qv,C,C,C,C,C,C,C,C,C,C,C,C,C,C,
petri dish,2019,4/9/19,LZ,LZ,16:50,3,10,2,Qv-F,Cross City,NA,F,C,C,C,Qv,Qv,Qv,Qv,C,C,C,C,C,C,C,C,C,C,C,C,C,C,
petri dish,2019,4/9/19,LZ,LZ,16:50,3,10,3,Qv-T,Picayune ,NA,F,C,C,C,C,C,C,C,C,C,C,C,C,C,C,C,C,C,C,C,C,C,
petri dish,2019,4/9/19,LZ,LZ,16:50,3,10,4,Qv-T,Rice,NA,F,C,C,C,C,C,C,Qv,Qv,Qv,Qv,Qv,Qv,Qv,Qv,Qv,C,Qv,C,C,C,C,
petri dish,2019,4/9/19,LZ,LZ,16:50,3,10,5,Qv-T,Golden Meadow,NA,F,C,C,C,Qg,C,C,C,C,C,C,C,Qg,C,C,C,C,C,C,C,C,C,
petri dish,2019,4/9/19,LZ,LZ,16:50,3,10,6,Qv-T,Picayune ,NA,F,C,Qg,C,C,C,C,C,C,C,C,C,C,C,C,C,C,C,C,C,C,C,
petri dish,2019,4/9/19,LZ,LZ,16:50,3,10,7,Qv-F,Cross City,NA,F,C,C,C,C,C,C,C,C,C,C,C,C,C,C,C,C,C,C,C,C,C,
petri dish,2019,4/9/19,LZ,LZ,16:50,3,10,8,Qv-T,Rice,NA,F,C,C,C,C,C,C,C,C,C,C,C,C,C,C,C,C,C,C,C,C,C,
petri dish,2019,4/9/19,LZ,LZ,16:50,3,10,10,Qv-T,Picayune ,NA,F,C,C,C,C,C,C,C,C,C,C,C,C,C,C,Qv,C,C,C,C,C,C,
petri dish,2019,4/9/19,LZ,LZ,16:50,3,10,11,Qv-T,Rice,NA,F,C,C,C,C,C,C,C,C,C,C,C,C,C,Qg,C,Qv,C,C,C,C,C,
petri dish,2019,4/9/19,LZ,LZ,16:50,3,10,12,Qv-F,Cross City,NA,F,C,C,C,C,C,C,C,C,C,C,C,C,C,C,C,C,C,C,C,C,C,
petri dish,2019,4/9/19,LZ,LZ,16:50,3,10,13,Qv-T,Picayune ,NA,F,C,Qv,Qv,Qv,Qv,Qv,Qv,Qv,Qv,Qv,C,C,C,C,C,C,C,C,C,C,C,
petri dish,2019,4/9/19,LZ,LZ,16:50,3,10,14,Qv-F,Cross City,NA,F,C,Qv,Qv,Qv,C,C,C,C,Qg,Qv,Qv,Qv,Qv,Qv,Qv,C,C,C,Qv,Qv,Qv,
petri dish,2019,4/9/19,LZ,LZ,16:50,3,10,15,Qv-T,Rice,NA,F,C,C,C,C,C,C,C,C,C,C,C,C,C,C,C,C,C,C,C,Qv,Qv,
petri dish,2019,4/9/19,LZ,LZ,16:50,3,10,16,Qv-T,Golden Meadow,NA,F,C,C,C,Qv,Qv,Qv,Qv,Qv,Qv,Qv,Qv,Qv,C,C,C,C,C,C,C,C,C,
petri dish,2019,4/9/19,LZ,LZ,16:50,3,10,17,Qv-T,Picayune ,NA,F,C,C,C,C,C,C,C,C,C,C,C,C,C,C,C,C,C,C,C,C,C,
petri dish,2019,4/9/19,LZ,LZ,16:50,3,10,18,Qv-F,Cross City,NA,F,C,C,C,C,C,C,C,C,C,C,C,C,C,C,C,C,C,C,C,C,C,
petri dish,2019,4/9/19,LZ,LZ,16:50,3,10,19,Qv-T,Picayune ,NA,F,C,C,Qv,Qv,Qv,Qv,Qv,Qv,Qv,Qv,C,Qv,Qv,Qv,C,C,C,C,C,C,C,
petri dish,2019,4/9/19,LZ,LZ,16:50,3,10,21,Qv-F,Cross City,NA,F,C,C,C,C,C,Qv,Qv,C,C,C,C,C,C,C,C,C,C,C,C,C,C,
petri dish,2019,4/9/19,LZ,LZ,16:50,3,10,22,Qv-T,Picayune ,NA,F,C,C,C,C,Qv,Qv,Qv,Qv,Qv,C,C,C,C,Qv,Qv,C,C,C,C,C,C,
petri dish,2019,4/9/19,LZ,LZ,16:50,3,10,23,Qv-F,Cross City,NA,F,C,C,C,C,C,C,C,C,C,C,C,C,C,C,C,C,C,C,C,C,C,
petri dish,2019,4/9/19,LZ,LZ,16:50,3,10,24,Qv-T,Rice,NA,F,C,Qv,Qv,Qv,Qv,C,C,C,Qv,Qv,C,C,C,C,C,C,C,C,C,C,C,
petri dish,2019,4/9/19,LZ,LZ,16:50,3,10,25,Qv-F,Cross City,NA,F,C,C,C,C,C,Qv,Qv,Qv,C,C,C,C,C,C,C,C,C,C,C,C,C,
petri dish,2019,4/9/19,LZ,LZ,16:50,3,10,26,Qv-T,Picayune ,NA,F,C,Qv,Qv,Qv,C,C,C,C,C,C,Qv,C,C,C,C,C,C,C,C,C,C,
petri dish,2019,4/9/19,LZ,LZ,16:50,3,10,27,Qv-T,Rice,NA,F,C,Qg,Qg,Qg,Qg,Qg,Qg,Qg,Qg,Qg,C,Qg,Qg,C,Qg,C,Qv,Qv,Qv,Qg,C,
petri dish,2019,4/12/19,LZ,LZ,10:00,3,11,1,Qv-T,Golden Meadow,NA,F,C,C,Qv,C,C,Qg,Qv,Qv,Qv,Qv,Qv,Qv,Qv,Qv,Qv,Qv,Qv,Qv,Qv,Qv,Qv,
petri dish,2019,4/12/19,LZ,LZ,10:00,3,11,2,Qv-T,Picayune ,NA,F,C,Qg,Qg,Qg,C,C,C,C,Qv,Qv,C,Qv,C,C,C,Qg,C,C,C,C,C,
petri dish,2019,4/12/19,LZ,LZ,10:00,3,11,3,Qv-F,Cross City,NA,F,C,Qv,Qv,Qv,Qv,Qv,Qv,Qv,Qv,Qv,Qv,Qv,C,C,C,Qv,C,C,C,C,C,
petri dish,2019,4/12/19,LZ,LZ,10:00,3,11,4,Qv-T,Golden Meadow,NA,F,C,C,C,Qv,Qv,Qv,Qv,C,Qv,C,C,Qv,Qv,Qv,Qv,Qv,C,Qv,Qv,Qv,Qv,
petri dish,2019,4/12/19,LZ,LZ,10:00,3,11,5,Qv-T,Picayune ,NA,F,C,Qv,Qv,Qg,Qg,Qg,Qg,C,C,Qv,Qv,Qv,C,C,C,C,C,Qg,C,C,C,
petri dish,2019,4/12/19,LZ,LZ,10:00,3,11,6,Qv-T,Picayune ,NA,F,C,Qg,C,C,C,C,C,C,C,C,C,C,C,C,C,C,C,C,C,C,C,
petri dish,2019,4/12/19,LZ,LZ,10:00,3,11,7,Qv-T,Golden Meadow,NA,F,C,Qv,Qv,Qg,Qv,Qg,Qg,C,C,C,C,Qv,C,C,C,C,C,C,Qv,C,C,
petri dish,2019,4/12/19,LZ,LZ,10:00,3,11,8,Qv-T,Picayune ,NA,F,C,Qg,Qg,C,C,C,C,C,Qv,C,C,Qg,Qv,Qv,Qv,C,C,C,C,C,C,
petri dish,2019,4/12/19,LZ,LZ,10:00,3,11,9,Qv-T,Rice,NA,F,C,Qv,C,C,C,C,Qv,Qv,Qg,Qv,C,Qv,Qv,Qv,C,Qv,Qv,C,C,Qv,C,
petri dish,2019,4/12/19,LZ,LZ,10:00,3,11,10,Qv-T,Picayune ,NA,F,C,Qv,Qv,Qv,Qv,Qv,Qv,Qv,Qv,Qg,Qg,C,Qv,C,C,Qg,C,C,Qv,C,C,
petri dish,2019,4/12/19,LZ,LZ,10:00,3,11,11,Qv-T,Golden Meadow,NA,F,C,C,C,C,C,C,C,C,C,C,C,C,C,C,C,C,C,C,C,C,C,
petri dish,2019,4/12/19,LZ,LZ,10:00,3,11,12,Qv-T,Picayune ,NA,F,C,Qg,Qg,Qg,Qv,Qv,Qv,C,Qv,Qv,Qv,C,Qv,Qv,C,Qg,C,C,Qg,C,C,
petri dish,2019,4/12/19,LZ,LZ,10:00,3,11,13,Qv-F,Cross City,NA,F,C,Qv,Qv,Qv,Qv,Qv,Qv,Qv,C,Qg,C,C,C,C,C,C,C,C,C,C,C,
petri dish,2019,4/12/19,LZ,LZ,10:00,3,11,14,Qv-T,Golden Meadow,NA,F,C,C,C,C,C,C,C,C,C,C,C,C,C,C,C,C,C,C,C,C,C,
petri dish,2019,4/12/19,LZ,LZ,10:00,3,11,15,Qv-T,Picayune ,NA,F,C,C,C,C,C,C,C,C,C,C,C,C,C,C,C,C,C,C,C,C,C,
petri dish,2019,4/12/19,LZ,LZ,10:00,3,11,16,Qv-T,Picayune ,NA,F,C,Qv,Qv,Qv,Qv,Qv,Qv,Qv,Qv,Qv,Qv,Qv,Qv,Qv,Qv,Qg,Qg,C,Qv,C,C,
petri dish,2019,4/12/19,LZ,LZ,10:00,3,11,17,Qv-T,Golden Meadow,NA,F,C,Qg,C,C,Qg,C,C,Qg,C,C,Qg,C,Qg,C,Qv,C,C,C,C,C,C,
petri dish,2019,4/12/19,LZ,LZ,10:00,3,11,18,Qv-F,Cross City,NA,F,C,Qv,Qv,Qv,Qv,Qv,Qv,Qv,Qv,Qv,Qv,Qv,Qv,Qv,Qv,Qv,Qv,Qv,Qv,Qv,Qv,
petri dish,2019,4/12/19,LZ,LZ,10:00,3,11,19,Qv-T,Picayune ,NA,F,C,Qg,C,C,C,C,Qv,C,C,C,C,C,C,C,C,C,C,C,C,C,C,
petri dish,2019,4/12/19,LZ,LZ,10:00,3,11,20,Qv-T,Picayune ,NA,F,C,Qg,C,C,Qv,C,C,Qg,C,C,Qg,C,C,C,C,C,C,C,C,C,C,
petri dish,2019,4/14/19,LZ,LZ,17:00,3,12,1,Qv-T,Golden Meadow,NA,F,C,C,C,C,C,C,C,C,C,C,C,C,C,C,C,C,C,C,C,C,C,
petri dish,2019,4/14/19,LZ,LZ,17:00,3,12,2,Qv-F,Cross City,NA,F,C,Qv,C,C,C,C,C,C,C,C,C,C,C,C,C,C,C,C,C,C,C,
petri dish,2019,4/14/19,LZ,LZ,17:00,3,12,3,Qv-T,Golden Meadow,NA,F,C,C,C,C,C,C,C,C,Qv,C,C,C,C,Qg,C,Qg,C,C,C,C,C,
petri dish,2019,4/14/19,LZ,LZ,17:00,3,12,4,Qv-F,Cross City,NA,F,C,C,C,C,C,C,C,C,C,C,C,C,C,C,C,C,C,C,C,C,C,
petri dish,2019,4/14/19,LZ,LZ,17:00,3,12,5,Qv-T,Golden Meadow,NA,F,C,C,C,C,C,C,C,C,C,C,C,C,C,C,C,C,C,C,C,C,C,
petri dish,2019,4/14/19,LZ,LZ,17:00,3,12,6,Qv-F,Cross City,NA,F,C,Qv,Qg,Qg,Qg,Qg,Qg,Qv,Qv,Qv,Qv,Qv,Qv,Qv,Qv,Qv,Qv,Qv,Qv,Qv,Qv,
petri dish,2019,4/14/19,LZ,LZ,17:00,3,12,7,Qv-T,Golden Meadow,NA,F,C,Qg,C,Qv,Qv,Qv,Qv,Qv,C,C,C,C,C,Qg,C,C,C,C,C,C,C,
petri dish,2019,4/14/19,LZ,LZ,17:00,3,12,8,Qv-T,Golden Meadow,NA,F,C,C,C,C,C,C,C,C,C,C,C,C,C,C,C,C,C,C,C,Qg,C,
petri dish,2019,4/14/19,LZ,LZ,17:00,3,12,9,Qv-T,Golden Meadow,NA,F,C,C,C,C,C,C,C,C,C,Qg,C,C,Qv,C,C,C,Qg,C,C,C,C,
petri dish,2019,4/14/19,LZ,LZ,17:00,3,12,10,Qv-F,Cross City,NA,F,C,C,C,C,C,C,C,C,C,C,C,C,C,C,C,Qv,C,C,C,C,C,
petri dish,2019,4/14/19,LZ,LZ,17:00,3,12,11,Qv-T,Golden Meadow,NA,F,C,C,C,C,C,C,C,C,C,C,C,C,C,C,C,C,C,C,C,C,C,
petri dish,2019,4/14/19,LZ,LZ,17:00,3,12,12,Qv-T,Golden Meadow,NA,F,C,C,C,C,Qv,Qv,Qv,Qv,Qv,Qv,Qv,C,C,Qg,C,C,Qv,C,C,C,C,
petri dish,2019,4/14/19,LZ,LZ,17:00,3,12,13,Qv-F,Cross City,NA,F,C,C,C,C,C,C,C,C,C,C,C,C,C,C,C,C,C,C,C,C,C,
petri dish,2019,4/14/19,LZ,LZ,17:00,3,12,14,Qv-T,Golden Meadow,NA,F,C,C,C,Qv,C,C,C,C,C,C,C,C,C,C,C,C,C,C,C,C,C,
petri dish,2019,4/14/19,LZ,LZ,17:00,3,12,15,Qv-T,Picayune ,NA,F,C,Qv,Qv,Qv,Qv,Qv,Qg,C,C,C,C,C,C,C,C,C,C,C,C,C,C,
petri dish,2019,4/14/19,LZ,LZ,17:00,3,12,16,Qv-F,Cross City,NA,F,C,Qv,Qv,Qv,Qv,Qv,Qv,Qv,Qv,Qv,Qv,Qv,Qv,Qv,Qv,Qg,Qv,C,C,C,Qv,
petri dish,2019,4/14/19,LZ,LZ,17:00,3,12,17,Qv-T,Golden Meadow,NA,F,C,Qv,Qv,C,Qv,Qv,Qv,C,C,C,C,C,C,C,C,C,C,C,C,C,C,
petri dish,2019,4/14/19,LZ,LZ,17:00,3,12,18,Qv-T,Golden Meadow,NA,F,C,C,C,C,C,C,C,C,C,C,C,C,C,C,C,C,C,C,C,C,C,
petri dish,2019,4/14/19,LZ,LZ,17:00,3,12,19,Qv-F,Cross City,NA,F,C,C,C,C,C,C,C,C,C,Qv,Qv,Qv,Qv,Qv,Qv,Qv,Qv,Qv,Qv,Qv,Qv,
petri dish,2019,4/14/19,LZ,LZ,17:00,3,12,20,Qv-T,Picayune ,NA,F,C,Qv,Qv,Qv,Qv,Qv,C,C,C,C,C,C,C,C,C,C,C,C,C,C,C,
petri dish,2019,4/14/19,LZ,LZ,17:00,3,12,21,Qv-F,Cross City,NA,F,C,C,C,C,C,C,Qg,Qv,Qv,C,C,C,C,C,C,C,C,C,C,C,C,
petri dish,2019,4/14/19,LZ,LZ,17:00,3,12,22,Qv-T,Golden Meadow,NA,F,C,C,C,C,C,Qg,C,C,C,C,C,C,C,C,C,C,C,C,C,C,C,
petri dish,2019,4/18/19,LZ,LZ,17:00,3,13,1,Qv-T,Rice,NA,F,C,C,C,C,C,C,Qv,Qv,C,C,C,C,C,C,C,Qv,Qv,C,Qv,C,C,
petri dish,2019,4/18/19,LZ,LZ,17:00,3,13,2,Qv-T,Golden Meadow,NA,F,C,C,C,C,C,C,Qv,Qv,Qv,Qv,Qv,Qv,Qv,Qv,C,Qg,C,C,Qv,Qv,C,
petri dish,2019,4/18/19,LZ,LZ,17:00,3,13,3,Qv-F,Cross City,NA,F,C,Qv,Qv,Qv,Qv,Qv,Qv,Qv,Qv,C,C,C,Qg,C,Qv,Qg,C,C,Qv,Qv,Qv,
petri dish,2019,4/18/19,LZ,LZ,17:00,3,13,4,Qv-T,Golden Meadow,NA,F,C,C,C,C,C,C,C,C,C,C,C,C,C,C,C,C,C,C,C,C,C,
petri dish,2019,4/18/19,LZ,LZ,17:00,3,13,5,Qv-T,Golden Meadow,NA,F,C,C,C,C,C,C,C,C,C,C,C,C,C,C,C,C,C,C,C,C,C,
petri dish,2019,4/18/19,LZ,LZ,17:00,3,13,6,Qv-F,Cross City,NA,F,C,C,C,C,C,C,C,C,C,C,C,C,C,C,C,C,C,C,C,C,C,
petri dish,2019,4/18/19,LZ,LZ,17:00,3,13,7,Qv-T,Golden Meadow,NA,F,C,Qg,C,C,C,C,C,C,C,C,C,C,C,C,C,C,C,C,C,C,C,
petri dish,2019,4/18/19,LZ,LZ,17:00,3,13,8,Qv-T,Golden Meadow,NA,F,C,C,C,Qv,Qv,Qv,Qv,Qv,Qv,Qv,Qv,Qv,Qv,Qv,Qv,Qv,Qv,C,C,C,C,
petri dish,2019,4/18/19,LZ,LZ,17:00,3,13,9,Qv-T,Golden Meadow,NA,F,C,C,C,C,C,C,C,C,C,C,C,C,C,C,C,C,C,C,C,C,C,
petri dish,2019,4/18/19,LZ,LZ,17:00,3,13,10,Qv-T,Golden Meadow,NA,F,C,C,C,C,Qg,Qg,Qg,Qg,C,C,Qg,Qv,Qv,Qv,Qv,Qv,Qv,C,Qg,C,Qg,
petri dish,2019,4/18/19,LZ,LZ,17:00,3,13,11,Qv-F,Cross City,NA,F,C,C,C,C,C,C,Qv,Qv,Qv,Qv,Qv,Qv,Qv,Qv,Qv,Qv,Qv,Qg,Qg,Qv,Qv,
petri dish,2019,4/18/19,LZ,LZ,17:00,3,13,12,Qv-T,Golden Meadow,NA,F,C,C,C,C,C,C,Qv,Qv,C,C,C,C,C,C,C,C,C,Qg,C,C,C,
petri dish,2019,4/18/19,LZ,LZ,17:00,3,13,13,Qv-T,Golden Meadow,NA,F,C,C,C,C,C,C,C,C,C,C,C,C,C,C,C,C,C,C,C,C,C,
petri dish,2019,4/18/19,LZ,LZ,17:00,3,13,14,Qv-T,Golden Meadow,NA,F,C,Qv,Qv,Qv,Qv,Qv,Qv,Qv,Qv,Qv,Qv,Qv,C,Qv,Qv,C,C,C,C,C,C,
petri dish,2019,4/18/19,LZ,LZ,17:00,3,13,15,Qv-T,Golden Meadow,NA,F,C,Qv,C,C,C,C,Qv,C,C,C,C,C,C,C,C,Qv,C,C,C,C,C,
petri dish,2019,4/18/19,LZ,LZ,17:00,3,13,16,Qv-T,Golden Meadow,NA,F,C,C,C,Qv,C,C,C,C,Qv,Qv,Qv,Qv,C,C,C,C,C,Qv,Qv,Qv,Qv,
petri dish,2019,4/18/19,LZ,LZ,17:00,3,13,17,Qv-F,Cross City,NA,F,C,Qg,Qg,Qg,Qg,Qg,Qg,Qg,Qg,Qg,Qg,Qg,C,Qg,Qg,Qg,Qg,Qg,C,C,C,
petri dish,2019,4/18/19,LZ,LZ,17:00,3,13,18,Qv-T,Rice,NA,F,C,C,C,C,C,C,Qg,C,C,C,C,Qv,C,C,C,C,C,C,C,C,Qv,
petri dish,2019,4/18/19,LZ,LZ,17:00,3,13,19,Qv-T,Golden Meadow,NA,F,C,C,C,C,C,C,C,C,C,C,C,C,C,C,C,C,C,C,C,C,C,
petri dish,2019,4/18/19,LZ,LZ,17:00,3,13,20,Qv-T,Golden Meadow,NA,F,C,C,C,C,C,C,C,C,C,C,C,C,C,C,C,C,C,C,C,C,Qv,